Ann. Return,Max DD,Turnover,Fitness,Threshold,Ticker,Accuracy
6.6942,0.9943,50,4.5619,0.58,AQYLON,0.8333
1.8174,0.0755,5,1.6521,0.54,MEP,0.9195
2.2808,0.2736,45,1.6035,0.58,GSLSU,0.8092
1.479,0.2678,50,0.7997,0.58,NAVKARURB,0.8276
0.9932,0.0517,6,0.7469,0.58,VISHAL,0.7143
1.5294,0.3389,42,0.7309,0.58,PARSVNATH,0.8161
0.9036,0.0847,24,0.6649,0.52,ANSALAPI,0.8786
1.0121,0.1261,35,0.6588,0.5,21STCENMGM,0.8035
1.7745,0.5101,52,0.6056,0.58,OSIAHYPER,0.7486
0.868,0.1079,53,0.5007,0.56,KALPATARU,0.7943
0.8888,0.1447,35,0.4994,0.58,RELINFRA,0.7371
1.3408,0.3598,43,0.4991,0.56,RNBDENIMS,0.7273
1.0046,0.1793,52,0.4974,0.58,MASTERTR,0.8057
1.5899,0.5155,44,0.4318,0.54,SADBHAV,0.7919
0.8452,0.1488,54,0.3924,0.58,TIRUMALCHM,0.7989
0.7938,0.1161,62,0.3834,0.58,NOVAAGRI,0.8333
0.9091,0.1694,78,0.3462,0.56,LAKPRE,0.7701
0.9436,0.2186,58,0.3398,0.58,GOCOLORS,0.7816
0.7564,0.1603,54,0.2816,0.58,BALUFORGE,0.8229
0.9405,0.255,53,0.2774,0.58,UMAEXPORTS,0.7688
0.9206,0.2876,30,0.2592,0.58,TAKE,0.8391
0.5928,0.0996,52,0.2449,0.58,HIKAL,0.8229
0.8315,0.2156,54,0.2443,0.56,BAFNAPH,0.8382
0.7457,0.1709,58,0.2383,0.58,RAJSREESUG,0.8057
0.8006,0.2077,60,0.2127,0.58,VCL,0.8218
0.7222,0.1816,62,0.1799,0.58,SEYAIND,0.8092
0.454,0.0834,53,0.135,0.54,FMGOETZE,0.8333
0.8717,0.3091,44,0.1263,0.58,ROLLT,0.8555
0.4957,0.1195,46,0.1259,0.58,TRANSRAILL,0.7727
0.5163,0.1234,52,0.12,0.58,MAHEPC,0.8621
0.4997,0.1359,40,0.113,0.56,AKSHARCHEM,0.8736
0.6147,0.1788,56,0.0962,0.58,PRIMO,0.7529
0.9692,0.3576,60,0.0834,0.58,RAJESHEXPO,0.7216
0.5373,0.1291,71,0.0774,0.58,KIOCL,0.8295
0.751,0.2575,57,0.0741,0.58,IBULLSLTD,0.7614
0.3934,0.1105,35,0.0729,0.52,EMAMIPAP,0.858
0.725,0.2734,38,0.0689,0.52,SANWARIA,0.7931
0.8461,0.2907,71,0.0606,0.56,SOLEX,0.7126
0.5203,0.1635,48,0.0563,0.58,HERANBA,0.7886
0.7088,0.2519,54,0.0498,0.56,IZMO,0.7759
0.5824,0.164,72,0.0486,0.58,DREDGECORP,0.7714
0.4369,0.1294,47,0.0438,0.52,CHOICEIN,0.8171
0.4753,0.1484,48,0.0414,0.58,GVKPIL,0.7657
0.4297,0.1377,41,0.0365,0.58,AGSTRA,0.7356
0.2705,0.0487,48,0.0359,0.58,SANOFI,0.8171
0.3894,0.1186,42,0.0328,0.58,CYIENT,0.8239
0.8997,0.3701,45,0.0301,0.58,DHARAN,0.7414
0.8731,0.3327,65,0.022,0.58,TICL,0.76
0.471,0.1441,56,0.0219,0.58,TEGA,0.7989
0.4606,0.14,56,0.0215,0.58,AVANTEL,0.8182
0.5532,0.177,65,0.0136,0.56,AVANTIFEED,0.7886
0.3,0.0517,66,0.008,0.58,SCHAEFFLER,0.8571
0.6146,0.2378,46,0.0076,0.58,STLNETWORK,0.7886
0.0,0.0,0,0.0,0.5,KALYANI,0.0
0.0,0.0,0,0.0,0.5,MBECL,0.0
0.0,0.0,0,0.0,0.5,GFSTEELS,0.0
0.4009,0.1407,43,-0.0026,0.52,GRAVITA,0.8011
0.6959,0.2724,54,-0.0032,0.58,CEWATER,0.72
0.3917,0.1045,66,-0.0058,0.58,ROTO,0.7886
0.4094,0.1295,58,-0.0143,0.58,DCW,0.7614
0.4963,0.1663,62,-0.0155,0.58,NDGL,0.7688
0.4614,0.1591,56,-0.0168,0.58,ROUTE,0.8
0.3825,0.1133,62,-0.0202,0.58,HBLENGINE,0.8068
0.5056,0.1651,69,-0.0216,0.58,EMBDL,0.7486
0.3266,0.1027,50,-0.0225,0.58,KRBL,0.7874
0.4839,0.1682,61,-0.0257,0.58,HAPPSTMNDS,0.767
0.4856,0.1721,60,-0.031,0.58,KRISHNADEF,0.8046
0.5016,0.1804,61,-0.0335,0.58,LATENTVIEW,0.7886
0.5312,0.1938,62,-0.0337,0.58,EASEMYTRIP,0.7829
0.2279,0.083,34,-0.0347,0.58,SHREEJISPG,0.9034
0.3772,0.1197,62,-0.0382,0.58,SCI,0.7955
0.4859,0.1747,62,-0.0397,0.58,LAXMIDENTL,0.7898
0.0982,0.0307,28,-0.0441,0.52,AFSL,0.6532
0.3213,0.1189,45,-0.0457,0.54,PRICOLLTD,0.8046
0.5286,0.2036,60,-0.0492,0.5,BBOX,0.8125
0.305,0.1044,51,-0.0504,0.58,TVSSCS,0.7874
0.4501,0.1611,63,-0.051,0.56,NETWORK18,0.767
0.3641,0.1395,48,-0.052,0.58,RAYMOND,0.8686
0.2136,0.13,3,-0.055,0.5,BURNPUR,0.9714
0.3949,0.1457,57,-0.0613,0.58,RAMKY,0.7688
0.4691,0.1771,63,-0.0662,0.58,MAANALU,0.7931
0.4321,0.1709,55,-0.0668,0.58,IMFA,0.7829
0.7812,0.3505,53,-0.0721,0.56,UEL,0.7586
0.2283,0.0852,45,-0.0722,0.58,LMW,0.8324
0.3585,0.151,46,-0.0748,0.54,AMRUTANJAN,0.7943
0.1639,0.0667,37,-0.0753,0.54,BAJAJFINSV,0.8229
0.4571,0.1843,58,-0.0772,0.56,SMLMAH,0.8171
0.2911,0.0989,60,-0.078,0.54,GODREJAGRO,0.8286
0.4598,0.188,59,-0.0837,0.54,FIRSTCRY,0.7557
0.2929,0.1007,62,-0.0846,0.58,GMDCLTD,0.8125
0.2288,0.0877,49,-0.0858,0.58,MOTILALOFS,0.8636
0.2281,0.0862,50,-0.0863,0.56,IOC,0.7727
0.6399,0.2753,62,-0.0868,0.58,ALLTIME,0.7841
0.2899,0.1398,34,-0.0868,0.58,BLISSGVS,0.8857
0.3499,0.1385,56,-0.0871,0.58,TIINDIA,0.8286
0.3957,0.1709,50,-0.089,0.58,NEOGEN,0.8171
0.3101,0.1258,52,-0.0901,0.58,LUMAXTECH,0.8114
0.6655,0.2897,62,-0.092,0.58,SPCENET,0.7011
0.3381,0.1372,55,-0.0934,0.58,GOPAL,0.7829
0.5938,0.2601,59,-0.0951,0.58,HGINFRA,0.7657
0.2234,0.1051,38,-0.0959,0.54,SIS,0.8736
0.563,0.2376,64,-0.0973,0.56,EVERESTIND,0.7688
0.1696,0.071,44,-0.0974,0.58,FEDERALBNK,0.8523
0.3793,0.1595,55,-0.0977,0.56,PIONEEREMB,0.8103
-0.0117,0.0405,2,-0.0985,0.54,DSKULKARNI,0.9943
0.2775,0.1116,54,-0.0992,0.58,PLASTIBLEN,0.8295
0.1591,0.0734,40,-0.1013,0.56,SONACOMS,0.8807
0.2551,0.1187,42,-0.1022,0.58,WOCKPHARMA,0.8114
0.5998,0.2735,55,-0.1053,0.54,CALSOFT,0.8161
0.3797,0.1554,62,-0.1092,0.58,INSECTICID,0.8276
0.4191,0.1983,46,-0.1097,0.58,SETCO,0.8333
0.4706,0.2159,53,-0.1118,0.58,HEG,0.8182
0.2493,0.0969,59,-0.1131,0.58,NELCO,0.8057
0.2693,0.1155,54,-0.116,0.56,JKPAPER,0.8229
0.5481,0.2458,61,-0.1168,0.58,UNITECH,0.7045
0.1016,0.0479,43,-0.1178,0.58,PTL,0.8448
0.6074,0.2579,73,-0.1194,0.58,SEMAC,0.763
0.1817,0.0889,44,-0.1211,0.58,INDGN,0.8295
0.2608,0.1335,40,-0.1211,0.58,ASTERDM,0.8621
0.2571,0.1237,46,-0.1231,0.58,3MINDIA,0.8555
0.4209,0.2002,52,-0.1273,0.58,VINDHYATEL,0.7841
0.4773,0.2077,67,-0.1284,0.58,SDBL,0.7614
0.3953,0.1822,56,-0.1291,0.56,BECTORFOOD,0.7714
0.2759,0.1116,64,-0.1302,0.58,PATELENG,0.7714
0.4941,0.22,64,-0.1307,0.56,JPOLYINVST,0.7977
0.436,0.2066,54,-0.1315,0.58,SAKAR,0.8514
0.4399,0.1962,63,-0.1324,0.52,FORCEMOT,0.7771
0.3593,0.1773,48,-0.1333,0.58,TEXMOPIPES,0.7931
0.2422,0.1037,59,-0.1337,0.58,SUMICHEM,0.8057
0.4092,0.2019,49,-0.1347,0.58,NETWEB,0.8229
0.4453,0.1916,69,-0.1351,0.58,BLKASHYAP,0.7543
0.2953,0.1358,56,-0.1354,0.58,HITECH,0.7727
0.4039,0.1836,60,-0.1356,0.56,RATNAVEER,0.7701
0.2695,0.1318,50,-0.1361,0.58,BLS,0.7727
0.1566,0.083,45,-0.1379,0.58,ENDURANCE,0.84
0.3317,0.161,52,-0.1389,0.56,AXISCADES,0.8229
0.3448,0.1604,57,-0.1389,0.58,TTKPRESTIG,0.7829
0.2333,0.1056,57,-0.1397,0.58,SHREECEM,0.8239
0.2312,0.1197,47,-0.1432,0.58,MOLDTKPAC,0.8448
0.3268,0.1629,50,-0.1434,0.58,ALICON,0.7746
0.2392,0.1163,52,-0.1436,0.56,DECCANCE,0.7746
0.3382,0.1576,59,-0.1456,0.58,IDEAFORGE,0.8114
0.217,0.1289,37,-0.1478,0.58,DIVGIITTS,0.8555
0.1915,0.0934,54,-0.1487,0.56,JSWINFRA,0.8068
0.385,0.178,62,-0.1491,0.58,LIBERTSHOE,0.7931
0.3224,0.1392,68,-0.1504,0.58,SUMMITSEC,0.7886
0.4753,0.2093,74,-0.1535,0.56,SAKSOFT,0.75
0.5524,0.2851,48,-0.1557,0.54,CIFL,0.7529
0.701,0.3427,60,-0.1559,0.58,GENESYS,0.7314
0.3462,0.1722,56,-0.1572,0.58,APOLLO,0.8636
0.2379,0.119,56,-0.1592,0.56,CGPOWER,0.8636
0.2724,0.147,48,-0.1595,0.58,SURYODAY,0.8391
0.204,0.1253,40,-0.1616,0.58,AMBIKCO,0.8563
0.2137,0.119,49,-0.1636,0.58,ARE&M,0.7727
0.2262,0.112,59,-0.1653,0.58,CENTRALBK,0.8011
0.3997,0.2106,50,-0.166,0.54,SIGNATURE,0.7572
0.2481,0.142,45,-0.166,0.58,RELIABLE,0.8497
0.5413,0.2751,55,-0.1661,0.56,DIGITIDE,0.7257
0.2006,0.0963,61,-0.1663,0.54,HDFCAMC,0.8057
0.253,0.1284,57,-0.1666,0.56,PGHH,0.7543
0.3466,0.1742,58,-0.1667,0.56,PARKHOTELS,0.7727
0.13,0.0703,55,-0.1669,0.56,ZYDUSLIFE,0.8352
0.6064,0.305,58,-0.1684,0.58,AWFIS,0.7273
0.0418,0.0674,16,-0.1692,0.58,KOVAI,0.8571
0.3216,0.15,67,-0.1697,0.58,GRSE,0.7771
0.4554,0.2258,61,-0.1705,0.58,CAPACITE,0.76
0.2432,0.1357,50,-0.1711,0.56,GRINFRA,0.7943
0.3371,0.1804,53,-0.1743,0.54,MTNL,0.733
0.3663,0.2024,48,-0.1755,0.58,CCAVENUE,0.76
0.4004,0.2114,54,-0.1759,0.58,PATELRMART,0.8239
0.2517,0.1683,32,-0.1764,0.56,GENSOL,0.7143
0.1289,0.1045,34,-0.1783,0.58,VADILALIND,0.8324
0.3223,0.1665,59,-0.1792,0.58,MOL,0.7543
0.2975,0.1484,63,-0.1793,0.58,LTTS,0.8057
0.3246,0.1696,58,-0.1793,0.58,SWIGGY,0.7443
0.2463,0.1414,50,-0.1794,0.58,ASHOKA,0.6971
0.099,0.0668,51,-0.1796,0.58,PIDILITIND,0.8295
0.1347,0.0888,48,-0.1808,0.54,CAPITALSFB,0.7931
0.1851,0.0944,62,-0.1808,0.58,CLEAN,0.76
0.4713,0.2345,65,-0.1834,0.58,GEEKAYWIRE,0.7657
0.2383,0.1224,62,-0.1837,0.58,GREENPOWER,0.7771
0.4851,0.2483,61,-0.1848,0.52,AURIONPRO,0.733
0.2406,0.137,53,-0.1857,0.5,SJS,0.8103
0.1634,0.1041,50,-0.1877,0.58,STARPAPER,0.7886
0.197,0.1165,53,-0.1883,0.58,SUNTV,0.7586
0.3477,0.1931,53,-0.1907,0.58,MINDTECK,0.7931
0.117,0.083,50,-0.192,0.58,BALMLAWRIE,0.7886
0.3706,0.2099,50,-0.1921,0.56,SANDHAR,0.8114
0.1456,0.1035,46,-0.1922,0.58,SHYAMMETL,0.8523
0.3496,0.1833,61,-0.1923,0.58,5PAISA,0.7816
0.2236,0.1328,53,-0.1926,0.58,NCC,0.7727
0.2586,0.1622,44,-0.1929,0.58,LINCOLN,0.8555
0.1275,0.1034,40,-0.1931,0.58,GSFC,0.7955
0.3179,0.1928,44,-0.1935,0.58,MTARTECH,0.8514
0.1436,0.1093,42,-0.1951,0.54,SOLARINDS,0.8514
0.2332,0.1298,59,-0.1958,0.56,RUPA,0.7414
0.2408,0.1398,55,-0.196,0.54,VETO,0.8114
0.1531,0.1058,48,-0.1965,0.52,YATHARTH,0.7759
0.2977,0.1829,45,-0.1966,0.58,E2E,0.7886
0.2114,0.1537,36,-0.1993,0.58,SSWL,0.8621
0.4741,0.2631,52,-0.1998,0.58,MBEL,0.7841
0.2486,0.1442,56,-0.1998,0.56,ARVINDFASN,0.8057
0.2402,0.147,51,-0.2003,0.58,UDS,0.8218
0.2326,0.1412,53,-0.2004,0.58,ASTRAMICRO,0.8352
0.3839,0.2044,62,-0.2011,0.56,CRIZAC,0.7443
0.3092,0.1821,51,-0.2015,0.58,ITDC,0.8161
0.1176,0.0917,48,-0.2022,0.58,APLAPOLLO,0.8466
0.4502,0.2575,48,-0.2028,0.58,SIGACHI,0.7816
0.3785,0.1953,66,-0.2028,0.58,GUJAPOLLO,0.7746
0.0383,0.0807,28,-0.2032,0.58,APOLLOHOSP,0.8857
0.6241,0.3451,48,-0.204,0.56,JINDALPOLY,0.7816
0.1213,0.0798,59,-0.2058,0.58,LICI,0.8011
0.1824,0.1192,52,-0.2062,0.58,APOLSINHOT,0.815
0.2846,0.1562,63,-0.2068,0.58,TANLA,0.7614
0.1807,0.1289,46,-0.2078,0.56,CRISIL,0.8182
0.174,0.101,63,-0.2081,0.58,DELHIVERY,0.7943
0.3191,0.2033,42,-0.2082,0.58,DIFFNKG,0.8333
0.3896,0.2271,50,-0.2083,0.58,SITINET,0.7989
0.2851,0.1648,58,-0.2102,0.58,IKIO,0.7943
0.2069,0.1306,55,-0.2105,0.58,RECLTD,0.7898
0.2938,0.1614,63,-0.211,0.56,DWARKESH,0.8092
0.2902,0.1675,58,-0.2115,0.58,SINDHUTRAD,0.7586
0.2721,0.1637,55,-0.2115,0.56,TATACHEM,0.6875
0.4313,0.2524,49,-0.2127,0.58,KIRIINDUS,0.7784
0.3325,0.187,60,-0.2129,0.58,SHAREINDIA,0.7829
0.3077,0.1794,57,-0.213,0.58,MASTEK,0.75
0.2957,0.1789,53,-0.2135,0.58,NAVNETEDUL,0.7486
0.4039,0.2315,54,-0.2135,0.58,EBGNG,0.8343
0.1285,0.1022,48,-0.2139,0.58,JAGRAN,0.8218
0.578,0.2963,70,-0.2145,0.58,INDOFARM,0.7086
0.3408,0.1891,62,-0.2145,0.58,MEDIASSIST,0.8171
0.3096,0.1661,67,-0.215,0.58,ASALCBR,0.7701
0.2697,0.1567,60,-0.2152,0.58,ANUHPHR,0.8229
0.2262,0.1398,57,-0.2153,0.58,HINDPETRO,0.7784
0.2485,0.1553,53,-0.2153,0.58,ICRA,0.7746
0.1716,0.1274,46,-0.2154,0.56,TMB,0.8218
0.2718,0.1675,54,-0.2174,0.56,THEMISMED,0.7543
0.2143,0.1374,54,-0.2174,0.58,ARTEMISMED,0.8198
0.2244,0.1253,67,-0.2176,0.58,RTNPOWER,0.7143
0.1955,0.1286,54,-0.2177,0.58,BBTCL,0.8208
0.2428,0.1475,58,-0.218,0.56,SMARTWORKS,0.8343
0.2373,0.1407,61,-0.2184,0.54,ITI,0.7371
0.1723,0.1299,46,-0.2189,0.56,GIPCL,0.8057
0.2383,0.165,45,-0.2203,0.58,AMBER,0.8343
0.3566,0.1952,66,-0.2213,0.56,EXICOM,0.7727
0.3012,0.1647,68,-0.2214,0.58,KNRCON,0.7386
0.3539,0.1927,67,-0.2218,0.58,SWANCORP,0.733
0.3423,0.2003,57,-0.222,0.58,LANDMARK,0.7701
0.1749,0.1186,56,-0.2222,0.56,HATSUN,0.8286
0.1418,0.1365,32,-0.2238,0.58,SANGAMIND,0.7688
0.352,0.1969,64,-0.2247,0.54,BBL,0.7543
0.4947,0.265,66,-0.226,0.58,THEINVEST,0.815
0.1985,0.1583,38,-0.2267,0.58,ASIANENE,0.8229
0.1594,0.1236,49,-0.2277,0.58,UCOBANK,0.8057
0.3805,0.2213,58,-0.2279,0.58,JAIBALAJI,0.76
0.3125,0.1845,60,-0.228,0.58,KELLTONTEC,0.7429
0.3442,0.2023,59,-0.2289,0.56,ELECTCAST,0.7657
0.1077,0.0843,60,-0.2313,0.56,BIOCON,0.8125
0.2793,0.1965,42,-0.2336,0.58,RAMRAT,0.8457
0.1134,0.1219,36,-0.2338,0.58,HESTERBIO,0.8161
0.3844,0.2294,56,-0.2344,0.58,GEMAROMA,0.8229
0.3472,0.2095,57,-0.2348,0.56,SULA,0.7371
0.1768,0.1464,42,-0.2353,0.58,JINDALSAW,0.8466
0.1958,0.1231,64,-0.2355,0.58,IPL,0.7168
0.1281,0.0982,59,-0.2377,0.56,ACC,0.7414
0.1783,0.1169,64,-0.2383,0.58,USHAMART,0.8114
0.2358,0.171,46,-0.2384,0.58,OCCLLTD,0.8506
0.2125,0.154,50,-0.2384,0.58,MARINE,0.8229
0.2821,0.1952,46,-0.239,0.58,STAR,0.8295
0.0815,0.0952,46,-0.2397,0.56,JSWSTEEL,0.8693
0.3179,0.1985,56,-0.24,0.58,MANYAVAR,0.7701
0.318,0.1915,61,-0.2402,0.58,BHARATRAS,0.7069
0.1499,0.1406,38,-0.2405,0.58,SBCL,0.8276
0.2812,0.1922,48,-0.2411,0.58,DMCC,0.7816
0.3444,0.2059,61,-0.2417,0.56,HPL,0.7371
0.3206,0.1986,58,-0.2423,0.58,RIIL,0.76
0.3514,0.2213,53,-0.2427,0.52,RVNL,0.7429
0.1375,0.1416,34,-0.2428,0.56,SANSERA,0.8514
0.3061,0.1968,54,-0.2437,0.58,PUNJABCHEM,0.7861
0.3358,0.2122,54,-0.2438,0.58,STERTOOLS,0.7586
0.2574,0.1684,58,-0.2442,0.58,NIITLTD,0.75
0.2668,0.1905,46,-0.245,0.58,MAMATA,0.8125
0.5225,0.2992,59,-0.2454,0.56,TPHQ,0.7299
0.1364,0.1102,57,-0.2469,0.58,HINDUNILVR,0.7886
0.2594,0.1792,52,-0.2476,0.54,MANINFRA,0.7486
0.3573,0.236,47,-0.249,0.54,BDL,0.7829
0.1843,0.1474,49,-0.2497,0.58,BASF,0.767
0.258,0.177,53,-0.25,0.56,HONDAPOWER,0.7965
0.1506,0.1347,46,-0.2502,0.58,RBLBANK,0.8686
0.0967,0.0983,53,-0.2505,0.54,ICICIBANK,0.8068
0.143,0.1285,48,-0.2511,0.56,ABB,0.8229
0.5496,0.2984,72,-0.2517,0.58,NACLIND,0.7443
0.372,0.2201,64,-0.2521,0.52,NELCAST,0.7816
0.0401,0.1068,28,-0.2535,0.58,STYLAMIND,0.8514
0.2411,0.1669,56,-0.2536,0.58,MANAKSIA,0.7874
0.1112,0.1007,57,-0.2539,0.58,HARSHA,0.7989
0.1013,0.11,48,-0.2552,0.58,COALINDIA,0.8352
0.109,0.1056,53,-0.2554,0.58,UNITEDTEA,0.7514
0.3189,0.2018,60,-0.2562,0.54,BFUTILITIE,0.7543
0.1915,0.136,62,-0.2567,0.58,IEX,0.8182
0.262,0.1738,60,-0.2579,0.58,DREAMFOLKS,0.7356
0.1541,0.1609,32,-0.2586,0.56,BLSE,0.8239
0.1835,0.1405,56,-0.2594,0.56,DODLA,0.7688
-0.0198,0.0918,20,-0.2603,0.58,CASTROLIND,0.858
0.3089,0.1909,66,-0.2603,0.56,HIMATSEIDE,0.7216
0.1105,0.1253,42,-0.2616,0.58,GALAXYSURF,0.7746
0.2274,0.1594,60,-0.2618,0.58,APOLLOTYRE,0.8011
0.1161,0.1123,54,-0.2618,0.58,GMRAIRPORT,0.7955
0.3156,0.2327,39,-0.2625,0.58,RUSTOMJEE,0.7977
0.24,0.1675,59,-0.2627,0.58,TEXRAIL,0.767
0.1769,0.1379,57,-0.2627,0.54,HGS,0.7931
0.1329,0.1258,50,-0.2632,0.58,SOMANYCERA,0.8035
0.1728,0.1385,56,-0.2633,0.56,BEML,0.8125
0.2857,0.2056,48,-0.2635,0.56,AGI,0.7529
0.1197,0.1297,44,-0.2647,0.58,TNPETRO,0.7784
0.2162,0.1548,60,-0.2648,0.56,IGL,0.7886
0.0837,0.0979,54,-0.2655,0.58,YESBANK,0.767
0.1629,0.1448,49,-0.266,0.58,WIPRO,0.75
0.1804,0.1464,54,-0.2666,0.58,SUDARSCHEM,0.8
0.3999,0.2647,48,-0.2668,0.54,SYMPHONY,0.7257
0.2704,0.2002,48,-0.2672,0.58,ONEPOINT,0.8457
0.2693,0.199,48,-0.2673,0.58,METROBRAND,0.7803
0.2467,0.168,62,-0.2675,0.58,LXCHEM,0.7241
0.1071,0.1093,55,-0.2677,0.58,BAJFINANCE,0.7955
0.2134,0.1536,62,-0.27,0.58,JWL,0.7443
0.3213,0.211,59,-0.2703,0.58,POCL,0.7644
0.2506,0.1583,72,-0.2706,0.54,BOMDYEING,0.7727
0.1075,0.1026,61,-0.2711,0.58,COLPAL,0.7443
0.3943,0.2428,63,-0.2713,0.58,UGROCAP,0.72
0.1611,0.1462,49,-0.2722,0.58,INDIGO,0.8276
0.4496,0.2982,44,-0.2725,0.58,GREENPANEL,0.7771
0.3826,0.2276,70,-0.2725,0.52,GMBREW,0.8114
0.6053,0.3572,58,-0.2739,0.58,STALLION,0.7841
0.1486,0.1425,48,-0.275,0.58,SAHYADRI,0.8092
0.2384,0.1914,46,-0.2751,0.58,NOCIL,0.8068
0.1501,0.1112,71,-0.2752,0.58,BAYERCROP,0.7371
0.226,0.1874,44,-0.2752,0.58,SUBROS,0.7701
0.2045,0.1605,56,-0.2756,0.58,MMTC,0.7784
0.1368,0.1326,52,-0.277,0.52,WELCORP,0.8971
0.1367,0.1472,42,-0.2777,0.56,DLINKINDIA,0.8229
0.0521,0.1251,28,-0.278,0.58,GLAND,0.8114
0.1367,0.1207,61,-0.2781,0.58,HEROMOTOCO,0.8295
0.2007,0.158,57,-0.2783,0.52,EKC,0.7829
0.419,0.2827,46,-0.2786,0.58,NURECA,0.8161
0.3834,0.2655,46,-0.279,0.58,CORDSCABLE,0.8229
0.3121,0.2087,61,-0.2796,0.58,ORISSAMINE,0.76
0.2205,0.1564,66,-0.2808,0.58,MALUPAPER,0.8057
0.4264,0.2737,56,-0.2809,0.58,NDTV,0.7886
0.3534,0.2367,56,-0.281,0.58,DYNPRO,0.7414
0.0876,0.1235,43,-0.2815,0.56,SUNPHARMA,0.8239
0.2095,0.1605,60,-0.283,0.58,FLAIR,0.7943
0.0924,0.1274,42,-0.2831,0.58,RBA,0.8276
0.2039,0.1822,43,-0.2834,0.58,KRISHANA,0.7886
0.1094,0.1337,44,-0.2838,0.58,MANORAMA,0.7886
0.2146,0.1745,52,-0.2838,0.58,SHARDAMOTR,0.7644
0.1231,0.1362,48,-0.2856,0.54,SHILPAMED,0.8409
0.2377,0.1988,44,-0.2857,0.58,ICEMAKE,0.8171
0.3945,0.291,34,-0.2857,0.58,UNITEDPOLY,0.896
0.0626,0.1087,46,-0.2863,0.58,JINDALSTEL,0.8343
0.2395,0.1931,49,-0.2867,0.58,SCHNEIDER,0.8286
0.1338,0.123,61,-0.2874,0.58,CERA,0.7586
0.2258,0.1614,66,-0.2878,0.58,FEL,0.815
0.0891,0.1375,36,-0.2887,0.58,NYKAA,0.8457
0.5038,0.3333,44,-0.2892,0.58,GAYAHWS,0.7816
0.1104,0.1302,49,-0.29,0.58,OBEROIRLTY,0.8229
0.212,0.1668,59,-0.2911,0.58,NDRAUTO,0.7586
0.0864,0.1005,62,-0.2919,0.58,DMART,0.7771
0.0682,0.1009,56,-0.2928,0.58,TATASTEEL,0.7955
0.1142,0.1317,51,-0.294,0.56,UNITDSPR,0.8068
0.1197,0.1352,50,-0.2943,0.58,MONTECARLO,0.7701
0.0316,0.1073,39,-0.2945,0.56,CIPLA,0.76
0.1499,0.1537,48,-0.2946,0.56,ACUTAAS,0.8514
0.2732,0.2118,51,-0.2952,0.58,IDBI,0.8636
0.2558,0.1806,67,-0.2957,0.54,EDELWEISS,0.7614
0.082,0.1305,41,-0.2961,0.58,CHEVIOT,0.8
0.0837,0.1285,43,-0.2961,0.58,POLYPLEX,0.8057
0.2036,0.1801,49,-0.2966,0.58,ZENTEC,0.84
0.1538,0.1478,54,-0.2979,0.58,GRPLTD,0.815
0.3749,0.2739,44,-0.298,0.58,DENTA,0.733
0.2425,0.2094,43,-0.2992,0.58,AFFLE,0.84
0.1777,0.1629,53,-0.2995,0.58,ATULAUTO,0.7771
0.1842,0.1519,63,-0.2996,0.54,SCILAL,0.7143
0.1675,0.1491,59,-0.3002,0.58,KIRLOSIND,0.7816
0.2652,0.2073,53,-0.3008,0.58,SUNTECK,0.7886
0.194,0.1787,49,-0.3027,0.54,BATAINDIA,0.7216
0.206,0.1672,61,-0.3028,0.58,INDOCO,0.7829
0.1664,0.1577,54,-0.3034,0.54,GOKULAGRO,0.7771
0.3267,0.2582,40,-0.3034,0.58,RANEHOLDIN,0.8295
0.1299,0.1519,46,-0.3045,0.58,JSWENERGY,0.8068
0.0292,0.1011,46,-0.3052,0.58,PETRONET,0.8218
0.1975,0.1708,56,-0.3058,0.58,CANTABIL,0.7803
0.2543,0.2026,54,-0.3069,0.56,SRHHYPOLTD,0.7457
0.0658,0.1044,58,-0.3078,0.58,VINATIORGA,0.7784
0.1115,0.1531,40,-0.3083,0.58,SOUTHBANK,0.8182
0.2292,0.195,52,-0.3086,0.56,GVT&D,0.7955
0.217,0.1748,62,-0.3087,0.58,MAITHANALL,0.7955
0.196,0.1865,46,-0.3091,0.58,MINDACORP,0.8448
0.2146,0.1959,47,-0.3106,0.56,GODREJPROP,0.8068
0.2016,0.1833,51,-0.3108,0.58,TOLINS,0.7486
0.2259,0.2048,44,-0.3108,0.58,CHEMCON,0.763
0.357,0.2297,73,-0.3108,0.52,SPMLINFRA,0.7543
0.1502,0.1601,49,-0.3116,0.54,KUANTUM,0.711
0.1866,0.162,61,-0.3118,0.58,INDIACEM,0.7657
0.2288,0.19,56,-0.3122,0.58,SURANASOL,0.7759
0.1854,0.1638,60,-0.3136,0.56,PANAMAPET,0.8229
0.0862,0.1431,40,-0.3136,0.58,MOTHERSON,0.8239
0.1634,0.137,72,-0.3151,0.58,RPOWER,0.6932
0.0935,0.1334,50,-0.3153,0.52,PNB,0.8125
0.3833,0.2646,59,-0.3155,0.58,EMKAY,0.7759
0.1162,0.1427,51,-0.3159,0.56,DBCORP,0.7414
0.0576,0.1395,20,-0.3166,0.58,NOVARTIND,0.8476
0.5237,0.3573,44,-0.3167,0.54,WEL,0.8114
0.2187,0.182,60,-0.3168,0.58,MIDHANI,0.8171
0.0658,0.116,53,-0.3168,0.58,BRITANNIA,0.767
0.0781,0.1393,41,-0.3175,0.58,JLHL,0.8514
0.1774,0.1677,56,-0.3181,0.56,NFL,0.76
0.038,0.1267,36,-0.3183,0.58,INNOVACAP,0.8686
0.1766,0.1695,55,-0.3186,0.56,TATAINVEST,0.7386
0.3761,0.2776,49,-0.3199,0.58,ONMOBILE,0.7989
0.3082,0.2345,56,-0.32,0.58,SPARC,0.7614
0.1073,0.1289,59,-0.3201,0.58,GICHSGFIN,0.7874
0.0427,0.1163,46,-0.3206,0.58,INGERRAND,0.8011
-0.0053,0.1187,27,-0.3208,0.58,BANARISUG,0.8439
0.3393,0.2356,66,-0.3216,0.58,OAL,0.8161
0.2331,0.1897,61,-0.3217,0.58,SAGCEM,0.7989
0.2406,0.2004,57,-0.3221,0.58,SONATSOFTW,0.6989
0.1106,0.1396,54,-0.3221,0.58,TITAGARH,0.7557
0.0501,0.102,59,-0.3225,0.58,VEEDOL,0.7714
0.066,0.1205,52,-0.3227,0.58,INDUSINDBK,0.8125
0.118,0.155,46,-0.3234,0.58,ACCELYA,0.8514
0.672,0.4234,52,-0.3235,0.56,SEPC,0.7257
0.0851,0.1297,52,-0.3237,0.56,TTKHLTCARE,0.7816
0.0547,0.1024,61,-0.3244,0.58,ABBOTINDIA,0.8171
0.0865,0.137,48,-0.3246,0.58,POWERINDIA,0.8286
0.1865,0.1642,64,-0.3248,0.54,ACE,0.7829
0.1241,0.1565,48,-0.3253,0.56,ADANIENT,0.8125
0.1105,0.1382,56,-0.3259,0.56,SBFC,0.76
0.2775,0.2156,60,-0.3261,0.58,SURAJLTD,0.7701
0.1119,0.1486,49,-0.3262,0.52,NSIL,0.7529
0.113,0.151,48,-0.3269,0.58,STARCEMENT,0.7701
0.1016,0.1372,54,-0.327,0.58,GATEWAY,0.76
0.2232,0.2029,51,-0.3275,0.58,TEJASNET,0.7557
0.2531,0.2118,55,-0.3276,0.58,ROSSARI,0.7143
0.2855,0.229,54,-0.3276,0.58,SMSPHARMA,0.8218
0.2145,0.1878,58,-0.3278,0.58,PURVA,0.7759
0.2364,0.2089,51,-0.3279,0.58,NAHARINDUS,0.7644
0.1186,0.1576,46,-0.328,0.58,CEIGALL,0.8457
0.3303,0.2591,49,-0.3288,0.58,AUTOIND,0.8391
0.2367,0.2317,36,-0.3302,0.58,KRISHIVAL,0.8506
0.2584,0.2115,58,-0.3303,0.58,UTTAMSUGAR,0.7429
0.139,0.1605,52,-0.3305,0.58,APLLTD,0.8114
0.0138,0.097,53,-0.3308,0.56,KOTAKBANK,0.8068
0.2683,0.2047,67,-0.3314,0.58,DBREALTY,0.7386
0.1175,0.1538,49,-0.3317,0.58,KICL,0.8092
0.1374,0.1598,53,-0.3335,0.58,DEEPAKFERT,0.8114
0.2242,0.2152,45,-0.3349,0.58,ESCORTS,0.7486
0.4258,0.3038,53,-0.335,0.58,MCLEODRUSS,0.7688
0.3119,0.2744,34,-0.3351,0.58,VIJIFIN,0.8902
0.1875,0.1838,54,-0.3353,0.58,20MICRONS,0.7126
0.0895,0.1356,53,-0.3357,0.58,HONAUT,0.7616
0.1789,0.1688,62,-0.3368,0.58,POWERMECH,0.7989
0.3127,0.2453,56,-0.3369,0.58,MRPL,0.8125
0.2381,0.1962,64,-0.3371,0.58,GARUDA,0.7486
0.2172,0.2108,47,-0.3379,0.58,PGEL,0.7727
0.0644,0.1412,42,-0.3379,0.58,AXISBANK,0.8
0.1039,0.1493,50,-0.3384,0.52,AKUMS,0.8391
0.1747,0.1816,52,-0.3387,0.56,ALLDIGI,0.8092
0.0512,0.1247,49,-0.339,0.58,GEOJITFSL,0.8276
0.2481,0.224,49,-0.3391,0.58,HFCL,0.8409
0.1498,0.1888,39,-0.3393,0.58,SHK,0.72
0.0665,0.1247,55,-0.3393,0.58,HYUNDAI,0.7841
0.1085,0.1554,48,-0.3393,0.54,HAL,0.8171
0.0562,0.1382,42,-0.3395,0.58,HEIDELBERG,0.7727
0.1392,0.1544,60,-0.34,0.56,TIMETECHNO,0.7557
0.1948,0.1864,56,-0.34,0.58,NBIFIN,0.7977
0.0586,0.1225,54,-0.3406,0.58,HINDALCO,0.7771
0.2223,0.2148,47,-0.3415,0.58,BLBLIMITED,0.8514
0.0893,0.1355,56,-0.3417,0.54,LICHSGFIN,0.7771
0.132,0.1783,41,-0.3417,0.58,GNA,0.8343
0.1037,0.1613,43,-0.3418,0.58,BLUEDART,0.7829
0.2575,0.2344,46,-0.3428,0.58,DOLPHIN,0.84
0.2863,0.2367,54,-0.3432,0.58,MVGJL,0.7514
0.1632,0.1772,53,-0.3434,0.58,INDIANHUME,0.7299
0.0928,0.1219,67,-0.3435,0.58,PFIZER,0.7989
0.1604,0.1721,56,-0.3437,0.56,GOCLCORP,0.8057
0.0848,0.133,57,-0.3442,0.58,BBTC,0.7143
0.1389,0.184,40,-0.3446,0.58,CONSOFINVT,0.8555
0.4075,0.3046,50,-0.3446,0.56,EMSLIMITED,0.7486
0.1934,0.1824,61,-0.3447,0.58,VAKRANGEE,0.767
0.1524,0.1698,55,-0.3453,0.58,WENDT,0.7644
0.0578,0.1391,44,-0.3454,0.58,HDBFS,0.767
0.0985,0.1373,59,-0.3456,0.56,LINDEINDIA,0.8103
0.3603,0.269,59,-0.3464,0.58,REGAAL,0.8343
0.0753,0.1403,49,-0.347,0.52,SWARAJENG,0.7399
0.2144,0.2094,50,-0.3471,0.58,EVEREADY,0.8286
0.1734,0.1891,50,-0.3476,0.58,KOPRAN,0.7943
0.2322,0.2153,52,-0.3477,0.58,ABDL,0.7759
0.1164,0.1636,48,-0.3479,0.56,GRAPHITE,0.8
0.1105,0.1394,63,-0.3482,0.56,BIRLACORPN,0.7543
0.1371,0.1481,67,-0.3494,0.58,HDFCLIFE,0.7443
0.2871,0.2379,56,-0.3496,0.56,VENUSPIPES,0.8161
0.1455,0.1757,50,-0.3497,0.58,WONDERLA,0.8391
0.2043,0.2071,49,-0.3498,0.58,LLOYDSENGG,0.76
0.1183,0.1605,52,-0.3504,0.58,LLOYDSME,0.7841
0.262,0.2821,17,-0.3508,0.52,NEUEON,0.8114
0.6304,0.4116,56,-0.3519,0.58,ASHAPURMIN,0.7784
0.1323,0.1784,45,-0.3523,0.58,ASHOKLEY,0.7841
0.2247,0.2325,39,-0.3524,0.58,3IINFOLTD,0.8218
0.1128,0.1533,56,-0.3528,0.58,GNFC,0.7784
0.1138,0.1623,50,-0.3537,0.58,ENGINERSIN,0.7943
0.1557,0.1747,56,-0.3537,0.58,BLUESTARCO,0.8
0.1527,0.181,51,-0.3551,0.58,JKIL,0.8
0.1626,0.1777,57,-0.3557,0.58,ORIENTCEM,0.7657
0.103,0.1441,60,-0.3558,0.56,AMBUJACEM,0.767
0.1902,0.2105,44,-0.3558,0.58,SGFIN,0.8409
0.0964,0.1615,45,-0.356,0.58,BALKRISIND,0.7874
0.0884,0.16,44,-0.3566,0.58,AZAD,0.7955
0.4011,0.2813,70,-0.3604,0.58,VIKRAN,0.7443
0.3398,0.2701,56,-0.3604,0.58,PARAS,0.8171
0.1578,0.1731,60,-0.3607,0.58,VESUVIUS,0.7759
0.161,0.1856,53,-0.3616,0.58,GROBTEA,0.7829
0.2144,0.2213,47,-0.3617,0.58,PRESTIGE,0.8068
0.2261,0.2207,51,-0.3618,0.58,AMDIND,0.8161
0.2583,0.2215,62,-0.3619,0.58,MUKKA,0.8
0.1223,0.1537,62,-0.3622,0.54,SARDAEN,0.7886
0.0228,0.1386,38,-0.3623,0.58,TITAN,0.875
0.3992,0.3062,52,-0.3626,0.58,RESPONIND,0.6494
0.2596,0.2324,55,-0.3633,0.58,OLECTRA,0.7529
0.1447,0.186,48,-0.3636,0.56,BHEL,0.8239
0.1048,0.1615,51,-0.3639,0.58,HAVELLS,0.7771
0.4521,0.2953,79,-0.3642,0.56,CHEMPLASTS,0.6914
0.1741,0.1801,63,-0.3651,0.58,JUBLFOOD,0.7727
0.137,0.1877,44,-0.3655,0.58,SMCGLOBAL,0.8555
0.5876,0.4155,43,-0.3669,0.54,PALREDTEC,0.7931
0.2783,0.2412,57,-0.3671,0.58,AHLUCONT,0.7657
0.0584,0.1219,64,-0.3671,0.58,INDUSTOWER,0.7557
0.2417,0.2317,51,-0.3674,0.58,VOLTAS,0.7771
0.1592,0.1696,66,-0.3674,0.58,AGIIL,0.7614
0.2288,0.2221,53,-0.3677,0.56,KSCL,0.7356
0.1962,0.2078,52,-0.368,0.56,ARKADE,0.7886
0.2058,0.2131,52,-0.3689,0.58,AWL,0.7086
0.1578,0.1855,54,-0.3693,0.58,ONWARDTEC,0.8035
0.1321,0.1722,55,-0.3695,0.58,DDEVPLSTIK,0.7543
0.1792,0.2079,46,-0.3695,0.56,RAJRILTD,0.7919
0.0131,0.1207,50,-0.3712,0.58,VTL,0.8343
0.2057,0.2033,60,-0.3714,0.58,NDL,0.7614
0.1803,0.1979,54,-0.3717,0.58,JINDALPHOT,0.7746
0.2929,0.2496,58,-0.3721,0.58,SUNCLAY,0.7714
0.2574,0.2349,56,-0.3724,0.54,ANGELONE,0.7943
0.2935,0.2511,57,-0.3724,0.58,DCAL,0.7529
0.0916,0.1481,59,-0.3733,0.58,AARTIIND,0.7771
0.1885,0.2015,55,-0.3735,0.58,HINDCOMPOS,0.7514
0.2087,0.2138,54,-0.3741,0.58,EXPLEOSOL,0.7759
0.0736,0.1375,61,-0.3747,0.58,IREDA,0.7443
0.2911,0.2406,65,-0.3748,0.58,RELTD,0.75
0.2494,0.2458,46,-0.3751,0.58,RUBYMILLS,0.8382
0.2071,0.1917,70,-0.3752,0.52,BEPL,0.7784
0.1865,0.2021,55,-0.3757,0.58,VAIBHAVGBL,0.7471
0.0257,0.1408,42,-0.3765,0.58,LAURUSLABS,0.8391
0.0915,0.136,69,-0.3766,0.5,IOB,0.7557
0.1968,0.1976,63,-0.3773,0.58,INDBANK,0.7727
0.124,0.1757,53,-0.378,0.58,BPCL,0.7727
0.1986,0.2028,60,-0.3784,0.56,NSLNISP,0.7829
0.2813,0.25,56,-0.3788,0.58,BEARDSELL,0.7886
0.1589,0.1808,61,-0.379,0.56,GFLLIMITED,0.7803
0.1823,0.203,54,-0.3798,0.58,NESCO,0.7977
0.0925,0.1595,54,-0.3798,0.58,MOREPENLAB,0.7955
0.2066,0.2278,46,-0.3805,0.58,AVALON,0.8514
0.2142,0.2172,56,-0.3812,0.58,PAKKA,0.7644
0.226,0.2236,56,-0.3812,0.56,SKIPPER,0.7943
0.108,0.1889,39,-0.3812,0.58,RRKABEL,0.8
0.0395,0.1315,55,-0.3816,0.56,CENTENKA,0.8103
0.0709,0.1307,67,-0.3818,0.54,CHAMBLFERT,0.76
0.1103,0.1809,46,-0.3821,0.58,KARURVYSYA,0.8239
0.345,0.2813,58,-0.3824,0.56,JINDWORLD,0.7955
0.1602,0.1847,61,-0.3825,0.58,WAAREERTL,0.7386
0.0957,0.1701,49,-0.3836,0.52,EXIDEIND,0.7727
0.1933,0.2127,53,-0.3836,0.58,RAMCOIND,0.7886
0.1921,0.2193,48,-0.3836,0.56,CROMPTON,0.7714
0.403,0.3027,64,-0.3852,0.58,JUBLCPL,0.8171
0.1978,0.2102,57,-0.3855,0.58,KPIGREEN,0.7429
0.1355,0.1777,58,-0.3856,0.56,VARDHACRLC,0.7714
0.1084,0.1434,73,-0.3869,0.56,RITES,0.7371
0.2177,0.2147,62,-0.388,0.58,PARAGMILK,0.7386
0.0919,0.1615,55,-0.3882,0.58,ICICIPRULI,0.7371
0.2268,0.219,62,-0.3884,0.56,FACT,0.7657
0.1469,0.1782,63,-0.3884,0.58,ABFRL,0.7102
0.3878,0.3041,59,-0.3891,0.56,WAAREEINDO,0.7086
0.1991,0.2122,58,-0.39,0.58,ASAL,0.7443
0.0906,0.1658,52,-0.3905,0.56,AUROPHARMA,0.8621
0.2959,0.2519,64,-0.3908,0.56,RAJRATAN,0.7943
0.1454,0.161,75,-0.3909,0.58,RAILTEL,0.7314
0.198,0.2159,55,-0.391,0.58,MUTHOOTMF,0.7771
0.0944,0.166,54,-0.3911,0.58,DHAMPURSUG,0.7898
0.1205,0.1837,50,-0.3913,0.58,UCAL,0.8092
0.0731,0.17,44,-0.392,0.58,HAPPYFORGE,0.8125
0.1616,0.2026,52,-0.3921,0.56,AARTIDRUGS,0.8229
0.0613,0.1593,47,-0.3922,0.58,PTCIL,0.7759
0.1226,0.1717,60,-0.3923,0.58,SESHAPAPER,0.8171
0.1763,0.2187,46,-0.3927,0.58,PAYTM,0.8229
0.0961,0.1659,55,-0.3927,0.56,IRFC,0.7429
0.1021,0.1762,50,-0.3931,0.54,SETL,0.84
0.1702,0.2079,52,-0.3933,0.58,CARYSIL,0.7955
0.2345,0.2163,69,-0.3941,0.56,KEC,0.6989
0.0061,0.1462,38,-0.3949,0.58,GRASIM,0.8514
0.2444,0.2411,55,-0.3949,0.56,DISHTV,0.7029
0.4118,0.303,70,-0.3954,0.58,HECPROJECT,0.7816
0.1146,0.1901,46,-0.3963,0.52,QUESS,0.8125
0.3048,0.2763,52,-0.3964,0.58,INDIAGLYCO,0.7714
0.2555,0.2457,56,-0.3967,0.54,AKG,0.8276
0.2673,0.248,59,-0.3972,0.52,TPLPLASTEH,0.7657
0.0345,0.1571,41,-0.3975,0.58,TEXINFRA,0.8161
0.0482,0.1637,42,-0.3986,0.58,ONGC,0.7727
0.0336,0.1622,38,-0.3988,0.58,CONCOR,0.7955
0.166,0.2086,52,-0.399,0.56,MCLOUD,0.7443
0.3191,0.2805,55,-0.3991,0.56,MANINDS,0.8114
0.224,0.226,60,-0.3994,0.58,OSWALGREEN,0.7886
0.0324,0.1393,54,-0.3997,0.58,EMCURE,0.8125
0.1867,0.2221,50,-0.4003,0.58,AEGISLOG,0.8057
0.5737,0.4318,39,-0.4019,0.58,VIPULLTD,0.7931
0.0706,0.1795,40,-0.4021,0.58,VSTIND,0.75
0.234,0.2377,56,-0.4023,0.58,KAMATHOTEL,0.8218
0.2148,0.2334,52,-0.4024,0.58,KANPRPLA,0.8266
0.0833,0.1873,39,-0.4028,0.58,LODHA,0.7657
0.2473,0.249,54,-0.4041,0.56,BAJAJHCARE,0.75
0.1838,0.2129,57,-0.4048,0.58,JTEKTINDIA,0.7657
0.077,0.171,49,-0.4049,0.58,SHRIRAMFIN,0.8057
0.1328,0.1676,71,-0.4052,0.58,JIOFIN,0.7714
0.1028,0.179,52,-0.4054,0.58,JAYSREETEA,0.7803
0.21,0.2383,49,-0.4058,0.58,KEI,0.8466
0.2732,0.2696,49,-0.4061,0.58,SPANDANA,0.7829
0.5789,0.4218,49,-0.4064,0.58,IITL,0.815
0.1116,0.1656,66,-0.407,0.58,SAGILITY,0.7955
0.1464,0.191,60,-0.407,0.56,EMIL,0.8114
0.1681,0.2015,60,-0.4073,0.5,SPORTKING,0.8103
0.135,0.199,50,-0.4075,0.58,SCPL,0.8671
0.0814,0.1707,52,-0.4077,0.58,GILLETTE,0.7841
0.4732,0.3777,44,-0.4079,0.58,REMSONSIND,0.7486
0.2748,0.2449,68,-0.4082,0.58,RAJOOENG,0.7784
0.232,0.2303,63,-0.4085,0.58,SHALBY,0.8
0.1046,0.1647,64,-0.4086,0.5,STOVEKRAFT,0.7874
0.185,0.2083,62,-0.4087,0.58,OSWALAGRO,0.76
0.2051,0.2294,54,-0.4089,0.58,PASUPTAC,0.8161
0.3471,0.3019,53,-0.409,0.58,TARMAT,0.8333
0.3213,0.2876,54,-0.4091,0.52,GUJENERGY,0.7299
0.1818,0.2006,66,-0.4091,0.56,NATHBIOGEN,0.7989
0.277,0.2544,62,-0.41,0.56,VARDMNPOLY,0.8046
0.0984,0.1816,51,-0.4105,0.56,PPLPHARMA,0.7771
0.1969,0.2142,62,-0.4107,0.58,SAFARI,0.7977
0.1421,0.1886,61,-0.4114,0.56,IGPL,0.8035
0.4629,0.3412,66,-0.4114,0.56,SPLIL,0.7733
0.0421,0.1782,34,-0.4114,0.58,AHLWEST,0.9086
0.1688,0.2219,48,-0.4121,0.58,ADOR,0.8057
0.151,0.2014,56,-0.4128,0.58,WESTLIFE,0.8276
0.0606,0.1779,41,-0.4131,0.58,NILKAMAL,0.7931
0.1331,0.1961,54,-0.4134,0.58,GOODLUCK,0.8229
0.117,0.1831,58,-0.414,0.58,DCBBANK,0.8125
0.1027,0.1929,46,-0.4144,0.56,NAVINFLUOR,0.8514
0.0786,0.1866,42,-0.4145,0.58,ANURAS,0.8457
0.3984,0.328,55,-0.4146,0.58,RSYSTEMS,0.7543
0.0852,0.1704,56,-0.4146,0.56,KSL,0.7955
0.0314,0.1257,67,-0.4147,0.58,FINPIPE,0.7733
0.1967,0.232,52,-0.4149,0.56,TALBROAUTO,0.8239
0.0623,0.1702,48,-0.4152,0.56,GLAXO,0.7829
0.1823,0.2074,64,-0.4154,0.58,GPPL,0.7886
0.1203,0.1818,60,-0.4157,0.54,FOSECOIND,0.7816
0.1825,0.2122,61,-0.4162,0.58,IRCTC,0.7657
0.1056,0.1812,56,-0.4168,0.58,GODREJIND,0.7714
0.0446,0.1585,50,-0.417,0.58,AVTNPL,0.8208
0.3985,0.3342,51,-0.4174,0.54,ARIHANTSUP,0.7572
0.2002,0.2284,56,-0.4174,0.58,GOACARBON,0.7471
0.1679,0.2107,58,-0.4183,0.58,JBMA,0.75
0.2539,0.2528,58,-0.4183,0.58,ZIMLAB,0.8276
0.1301,0.1976,54,-0.4185,0.56,ANDHRSUGAR,0.8068
0.0794,0.1919,40,-0.4186,0.58,IPCALAB,0.8514
0.0731,0.1769,48,-0.4187,0.58,VSSL,0.8448
0.1841,0.2126,62,-0.4192,0.58,ASAHISONG,0.8333
0.2125,0.2509,46,-0.42,0.56,JTLIND,0.8409
0.1632,0.201,64,-0.4216,0.58,TAJGVK,0.7714
0.0698,0.1748,50,-0.4218,0.52,IDEA,0.7216
0.186,0.2068,69,-0.4248,0.58,FIEMIND,0.7543
0.0234,0.1586,46,-0.4253,0.56,STARHEALTH,0.8229
0.3946,0.3176,64,-0.4255,0.58,TREJHARA,0.711
0.0205,0.1606,44,-0.4257,0.58,TORNTPHARM,0.8466
0.0994,0.1831,56,-0.426,0.58,BALRAMCHIN,0.8466
0.0922,0.1882,50,-0.4262,0.58,NLCINDIA,0.8466
0.1808,0.2211,57,-0.4262,0.58,FAIRCHEMOR,0.7688
0.2256,0.2259,70,-0.4263,0.58,KALAMANDIR,0.72
0.1316,0.2215,40,-0.4264,0.58,RPEL,0.8276
0.1108,0.2025,46,-0.4264,0.56,ALIVUS,0.8621
0.2246,0.2499,53,-0.4267,0.58,HARRMALAYA,0.8171
0.0995,0.1892,52,-0.4267,0.58,TRAVELFOOD,0.8182
0.2619,0.2558,62,-0.4268,0.58,KOKUYOCMLN,0.7943
0.0682,0.1628,59,-0.427,0.58,PRINCEPIPE,0.7356
0.1369,0.2052,54,-0.427,0.58,VBL,0.75
0.3961,0.3316,56,-0.427,0.58,KESORAMIND,0.7429
0.1034,0.1957,49,-0.4271,0.54,RALLIS,0.7386
0.2696,0.2531,66,-0.4274,0.58,PKTEA,0.7514
0.3601,0.2969,68,-0.4279,0.54,GOKEX,0.76
0.211,0.2083,78,-0.4284,0.56,STCINDIA,0.7371
0.0879,0.1843,52,-0.4285,0.58,MUFIN,0.8466
0.6792,0.4842,49,-0.4291,0.58,IFBAGRO,0.7543
0.0334,0.1552,53,-0.4292,0.58,PAGEIND,0.7471
0.1517,0.2212,48,-0.4294,0.58,RISHABH,0.8266
0.0222,0.1593,28,-0.4296,0.58,KENNAMET,0.819
0.2061,0.2475,49,-0.4296,0.58,BIRLAMONEY,0.8161
0.2122,0.2628,41,-0.4298,0.56,JYOTICNC,0.8182
0.1526,0.2081,58,-0.4302,0.58,GULFPETRO,0.8046
0.2802,0.2841,50,-0.4326,0.58,NAHARCAP,0.8382
0.0376,0.1629,50,-0.4328,0.58,ARIES,0.8382
0.1762,0.2235,57,-0.4328,0.58,CEATLTD,0.7841
0.1304,0.2116,49,-0.4328,0.58,GULPOLY,0.72
0.2995,0.2735,66,-0.435,0.58,MOBIKWIK,0.7216
0.0316,0.1639,49,-0.4354,0.58,PVRINOX,0.8125
0.2957,0.2965,48,-0.436,0.58,MPSLTD,0.815
-0.0086,0.1495,45,-0.4363,0.58,EICHERMOT,0.8171
0.1537,0.2146,56,-0.4365,0.58,MANBA,0.8391
0.0537,0.1599,60,-0.4365,0.58,ALEMBICLTD,0.7443
0.2775,0.2851,50,-0.4372,0.58,HALEOSLABS,0.8728
0.2363,0.2568,56,-0.4374,0.58,TARSONS,0.8286
0.196,0.2242,64,-0.4375,0.56,ACL,0.7457
0.0826,0.1883,50,-0.4377,0.58,STARTECK,0.7586
0.1866,0.2385,52,-0.4381,0.56,INOXWIND,0.6818
0.2295,0.2356,69,-0.4388,0.58,JYOTISTRUC,0.7257
0.2853,0.2581,72,-0.439,0.58,MALLCOM,0.7746
0.0437,0.177,45,-0.4395,0.56,AUTOAXLES,0.7701
0.3671,0.3105,64,-0.4399,0.54,AGARIND,0.6977
0.34,0.31,56,-0.4399,0.56,STANLEY,0.7371
0.1929,0.2417,52,-0.4399,0.54,RELCHEMQ,0.8218
0.0481,0.169,53,-0.4405,0.58,M&M,0.7614
0.3084,0.2822,64,-0.4409,0.56,BALAXI,0.7688
0.0259,0.1693,45,-0.4413,0.58,BHARATFORG,0.8514
0.1378,0.2005,62,-0.4414,0.58,DALBHARAT,0.8161
0.3091,0.2774,68,-0.4423,0.58,ARCHIES,0.8092
0.1222,0.2166,46,-0.4424,0.58,VIJAYA,0.8571
0.0551,0.1892,42,-0.4426,0.58,MAHABANK,0.8466
0.1779,0.2165,66,-0.4427,0.58,EIEL,0.7159
0.2278,0.2538,57,-0.4428,0.58,STEL,0.8057
0.3511,0.2972,70,-0.4433,0.52,VIKASECO,0.7371
0.1176,0.1934,61,-0.4435,0.56,INDIAMART,0.8
0.0581,0.1799,50,-0.4437,0.56,NTPC,0.8011
0.2572,0.2643,61,-0.4447,0.58,ADSL,0.7159
0.1045,0.203,50,-0.4451,0.58,CYBERTECH,0.7759
0.0682,0.1796,54,-0.4452,0.58,EPL,0.8229
0.1026,0.1903,59,-0.4456,0.58,DABUR,0.75
0.0664,0.2245,22,-0.4459,0.58,SANGINITA,0.9023
0.0929,0.1911,55,-0.4465,0.58,MAZDOCK,0.7543
0.1895,0.2373,57,-0.4469,0.52,ITCHOTELS,0.75
0.0468,0.1783,48,-0.447,0.56,BANCOINDIA,0.7771
0.4266,0.3486,62,-0.4477,0.58,PENINLAND,0.7314
0.2031,0.2512,52,-0.4487,0.58,OMINFRAL,0.7644
0.1119,0.2182,43,-0.4489,0.56,GRINDWELL,0.7919
0.1614,0.2142,63,-0.4491,0.58,AARTISURF,0.8035
0.1542,0.2272,52,-0.4496,0.58,BILVYAPAR,0.7529
0.0761,0.1941,48,-0.45,0.58,INDIQUBE,0.7931
0.0662,0.1972,42,-0.4502,0.58,MANGLMCEM,0.843
0.1759,0.2364,54,-0.4503,0.54,GANDHAR,0.8125
0.2836,0.3004,46,-0.4503,0.58,EIFFL,0.8035
0.272,0.2693,64,-0.4504,0.52,MGEL,0.8276
0.3304,0.2763,80,-0.4507,0.58,KAYA,0.7886
0.1006,0.1891,61,-0.4508,0.58,PSB,0.7898
0.4146,0.3679,45,-0.4513,0.5,ISFT,0.7688
0.1353,0.2181,53,-0.4516,0.58,M&MFIN,0.7614
0.2974,0.3121,44,-0.4526,0.56,NARMADA,0.7886
0.2367,0.2558,62,-0.4531,0.56,TARC,0.7586
0.0797,0.1926,52,-0.4533,0.58,GAEL,0.8239
0.0602,0.1825,52,-0.4543,0.58,SUPERHOUSE,0.7931
0.1186,0.2164,49,-0.4543,0.58,MAHLOG,0.7771
0.41,0.3552,54,-0.4546,0.58,KECL,0.7657
0.0354,0.1878,40,-0.4551,0.58,AJANTPHARM,0.7701
0.1733,0.2501,45,-0.4554,0.58,PREMEXPLN,0.7371
0.0157,0.1615,52,-0.4559,0.58,POWERGRID,0.7829
0.2846,0.2812,62,-0.4559,0.56,VALIANTLAB,0.7529
0.254,0.2723,58,-0.4563,0.52,SHALPAINTS,0.76
0.215,0.2448,63,-0.4567,0.58,LAMBODHARA,0.7746
0.0802,0.1834,60,-0.457,0.58,PIIND,0.7727
0.0448,0.1647,61,-0.4579,0.58,ITC,0.7557
0.0634,0.1806,56,-0.4587,0.52,VISAKAIND,0.7586
0.0246,0.1751,47,-0.4592,0.58,ACMESOLAR,0.8239
0.0798,0.1974,50,-0.4596,0.58,TIIL,0.8555
0.1832,0.2458,53,-0.4598,0.58,INTLCONV,0.7714
0.1151,0.2099,54,-0.4599,0.58,INDRAMEDCO,0.7759
0.2941,0.2932,58,-0.46,0.58,S&SPOWER,0.7861
0.0819,0.1913,56,-0.4607,0.58,PCBL,0.7486
0.7667,0.5219,64,-0.4609,0.58,VIVIMEDLAB,0.7299
0.288,0.2969,54,-0.461,0.58,RAMAPHO,0.7759
0.2374,0.2696,56,-0.4627,0.58,ZUARIIND,0.7931
0.228,0.2479,69,-0.4649,0.58,SAMHI,0.7657
0.0185,0.1883,38,-0.466,0.56,SAILIFE,0.858
0.0941,0.1915,62,-0.466,0.58,SRF,0.7714
0.2567,0.2738,61,-0.4661,0.58,OPTIEMUS,0.7816
0.1134,0.2146,53,-0.4672,0.58,THERMAX,0.8343
0.0169,0.1853,40,-0.4674,0.58,NHPC,0.8182
0.1063,0.2068,56,-0.4674,0.58,GUJALKALI,0.7543
0.131,0.2073,65,-0.4683,0.56,HATHWAY,0.7386
0.088,0.1992,55,-0.4684,0.58,CELLO,0.7299
0.0542,0.1924,48,-0.4685,0.58,VARROC,0.8103
0.2875,0.3028,53,-0.4696,0.58,MICEL,0.7314
0.3116,0.3026,62,-0.4697,0.58,AHCL,0.7841
0.1445,0.23,54,-0.4698,0.52,LEMONTREE,0.7029
0.1512,0.2167,66,-0.4707,0.58,SAURASHCEM,0.7371
0.0731,0.1948,54,-0.4708,0.58,FINEORG,0.8057
0.0067,0.1876,36,-0.4713,0.58,HONASA,0.8457
0.1148,0.2218,50,-0.4717,0.54,CYIENTDLM,0.7943
0.2755,0.2944,56,-0.4723,0.58,DATAMATICS,0.7841
0.1204,0.2083,61,-0.4725,0.58,DBL,0.7919
0.058,0.1906,52,-0.4726,0.58,EXCELINDUS,0.7989
0.0159,0.1729,50,-0.4728,0.5,BOSCHLTD,0.7657
0.0947,0.2138,49,-0.473,0.58,ICICIGI,0.7829
0.1206,0.2301,47,-0.473,0.58,TMPV,0.7273
0.098,0.202,59,-0.4736,0.58,BAJAJHIND,0.7557
0.0359,0.1865,48,-0.4743,0.56,MAXHEALTH,0.76
0.0907,0.1818,71,-0.4745,0.58,CANBK,0.767
0.3596,0.3194,68,-0.4746,0.58,SADBHIN,0.7356
0.0241,0.1789,50,-0.4757,0.56,SAIL,0.8182
0.2561,0.273,65,-0.4757,0.58,SUNFLAG,0.76
0.1204,0.2043,66,-0.4758,0.58,FCL,0.7955
0.1025,0.2292,42,-0.4759,0.58,KPRMILL,0.7771
-0.0104,0.1943,27,-0.4761,0.56,ANANDRATHI,0.9029
0.0925,0.2158,48,-0.4761,0.56,SHANTIGEAR,0.7543
0.0722,0.2133,43,-0.4773,0.58,SOBHA,0.76
0.3068,0.2953,67,-0.4775,0.58,ZEEMEDIA,0.763
0.0192,0.1688,56,-0.4784,0.58,MUNJALSHOW,0.7886
0.125,0.2108,64,-0.4785,0.58,GESHIP,0.8011
0.0488,0.1786,59,-0.479,0.56,VINYLINDIA,0.7514
0.4958,0.4256,43,-0.4796,0.58,SUMEETINDS,0.7919
0.0625,0.1945,54,-0.4799,0.58,MAHLIFE,0.8295
0.1437,0.2214,63,-0.48,0.52,EIHAHOTELS,0.7759
0.0574,0.2001,48,-0.4801,0.58,CHOLAHLDNG,0.72
0.3002,0.3212,48,-0.4801,0.54,SHREYANIND,0.7414
0.1305,0.2215,59,-0.4801,0.58,TATAELXSI,0.7273
0.0374,0.1906,48,-0.4803,0.58,KAJARIACER,0.8295
0.0815,0.2144,46,-0.4803,0.52,PITTIENG,0.763
0.2146,0.2932,38,-0.4803,0.56,FILATEX,0.8286
0.101,0.2194,50,-0.4806,0.58,GLOSTERLTD,0.8114
-0.011,0.1658,49,-0.4818,0.58,BAJAJHFL,0.7045
0.065,0.1839,63,-0.4819,0.58,TATATECH,0.7727
0.0673,0.2051,49,-0.4822,0.58,MANALIPETC,0.7727
0.2562,0.3348,24,-0.4824,0.58,SUPREMEENG,0.8736
0.317,0.2993,71,-0.4833,0.58,RTNINDIA,0.7443
0.128,0.2482,40,-0.4839,0.58,UNIDT,0.8382
0.0736,0.1917,61,-0.484,0.56,AURUM,0.8
0.2081,0.256,63,-0.484,0.58,NAVKARCORP,0.7257
0.0304,0.1887,48,-0.4842,0.58,ADANIPORTS,0.8
0.3371,0.3443,46,-0.4844,0.58,LYKALABS,0.8035
0.1122,0.2212,54,-0.4845,0.58,SIEMENS,0.8343
0.1827,0.2567,54,-0.4849,0.58,AEGISVOPAK,0.7886
0.2933,0.3121,54,-0.4852,0.58,RPSGVENT,0.7771
0.0486,0.216,36,-0.4858,0.58,HSCL,0.858
0.2478,0.2796,61,-0.4858,0.58,CMSINFO,0.76
0.0458,0.2078,41,-0.4863,0.58,LT,0.8011
0.1732,0.2532,54,-0.4867,0.58,SENORES,0.8068
0.1112,0.2362,44,-0.4868,0.58,ETERNAL,0.8114
0.1106,0.2164,58,-0.4869,0.58,JUNIPER,0.767
0.2085,0.2812,47,-0.4882,0.58,IFBIND,0.7771
0.1665,0.2465,57,-0.4884,0.56,AFCONS,0.6932
0.1837,0.2594,54,-0.4885,0.58,WCIL,0.7443
0.0445,0.1977,48,-0.4888,0.58,AXITA,0.7126
0.3745,0.337,66,-0.4892,0.58,ASTRON,0.7874
0.2373,0.2685,66,-0.4893,0.56,LUMAXIND,0.7759
0.1093,0.2117,61,-0.4894,0.58,NAHARPOLY,0.8161
0.0502,0.1899,56,-0.4904,0.58,TCPLPACK,0.8161
0.1897,0.2546,60,-0.4909,0.58,PROSTARM,0.7429
0.0866,0.2372,36,-0.4912,0.58,UFLEX,0.7644
0.1304,0.2215,63,-0.4916,0.5,GUJTHEM,0.7159
0.4437,0.3777,63,-0.4927,0.58,JAYBARMARU,0.7701
0.2207,0.283,52,-0.4931,0.58,QPOWER,0.8523
0.1452,0.2547,46,-0.4949,0.56,BAJAJELEC,0.7443
0.2125,0.2529,71,-0.4951,0.58,IGARASHI,0.7216
0.134,0.2295,59,-0.4954,0.58,ORBTEXP,0.8092
0.2425,0.2771,64,-0.4956,0.56,NITCO,0.7471
0.1324,0.2424,50,-0.4962,0.58,BHAGERIA,0.7874
0.3597,0.3285,70,-0.4962,0.58,KAVDEFENCE,0.7386
0.2261,0.2746,61,-0.4964,0.54,JUBLINGREA,0.7614
0.1751,0.252,59,-0.4965,0.52,PRECAM,0.6932
0.0153,0.1892,47,-0.4966,0.58,JSWCEMENT,0.8011
0.0242,0.1829,55,-0.4977,0.58,EIHOTEL,0.7557
0.1,0.2301,48,-0.4981,0.58,MANAKCOAT,0.8161
0.0507,0.1905,59,-0.4988,0.54,SHREDIGCEM,0.7486
0.152,0.2497,53,-0.4989,0.58,SWSOLAR,0.72
0.2217,0.2881,50,-0.499,0.58,MSPL,0.7919
0.2036,0.2631,62,-0.4998,0.58,MOIL,0.7657
0.1341,0.2314,60,-0.5002,0.58,TIMKEN,0.7771
0.1299,0.2522,44,-0.5003,0.58,MURUDCERA,0.8229
0.0796,0.2079,58,-0.501,0.58,NORTHARC,0.8182
0.1603,0.2256,74,-0.5011,0.58,ABLBL,0.7386
0.1338,0.2204,68,-0.5012,0.58,SJVN,0.7543
0.4555,0.4244,38,-0.5013,0.5,GVPIL,0.7955
0.0434,0.1916,56,-0.5016,0.58,ALBERTDAVD,0.7861
0.0918,0.2172,56,-0.5018,0.56,KROSS,0.7955
0.0198,0.1972,44,-0.5019,0.58,PIXTRANS,0.7977
0.3189,0.3266,59,-0.5019,0.58,MOSCHIP,0.7955
0.0926,0.2419,39,-0.502,0.58,POLYCAB,0.8239
0.0967,0.2391,42,-0.5022,0.58,MEDANTA,0.8333
0.1236,0.2483,45,-0.5022,0.58,RELAXO,0.7471
0.1255,0.2452,48,-0.5028,0.58,ORIENTBELL,0.8046
0.2,0.2679,59,-0.5035,0.58,BALAMINES,0.8466
0.0325,0.1854,58,-0.5039,0.58,METROPOLIS,0.7943
0.4174,0.358,72,-0.5056,0.54,DEVIT,0.7586
0.1438,0.2514,51,-0.5064,0.56,TCIEXP,0.7746
0.0338,0.2153,38,-0.5065,0.56,GANDHITUBE,0.8035
0.0993,0.2283,52,-0.5068,0.58,BFINVEST,0.7701
0.0837,0.2062,63,-0.5077,0.58,RELIANCE,0.767
0.1048,0.2344,50,-0.5078,0.58,RKDL,0.8046
0.0588,0.2012,58,-0.5083,0.58,FINCABLES,0.8011
0.0896,0.2025,68,-0.5085,0.58,GPIL,0.7727
0.0989,0.2099,65,-0.5088,0.58,SWELECTES,0.7688
-0.0066,0.1826,48,-0.5089,0.58,INOXINDIA,0.7886
0.159,0.2444,63,-0.5097,0.54,ATGL,0.7314
0.2062,0.269,62,-0.51,0.58,DOLLAR,0.7356
0.182,0.2755,49,-0.5106,0.56,BIRLANU,0.7514
0.2305,0.2855,60,-0.511,0.56,OSWALPUMPS,0.6989
0.0985,0.2229,57,-0.5111,0.58,DEEPAKNTR,0.7701
0.0254,0.2024,46,-0.5115,0.58,PRSMJOHNSN,0.8046
0.0205,0.1937,51,-0.5118,0.56,SBILIFE,0.7727
0.128,0.2488,50,-0.5125,0.58,CESC,0.7657
0.2016,0.2802,54,-0.514,0.52,CARRARO,0.7701
0.0362,0.1875,62,-0.5149,0.56,UTIAMC,0.8068
0.2126,0.2711,65,-0.5154,0.52,LUXIND,0.7314
0.0254,0.1936,54,-0.5161,0.58,DOMS,0.7943
0.0192,0.1924,53,-0.5163,0.58,PFC,0.75
0.04,0.2136,45,-0.5166,0.58,BRNL,0.7586
0.0749,0.2159,56,-0.5169,0.56,ADVANIHOTR,0.7829
0.0382,0.2075,49,-0.5169,0.58,ALKYLAMINE,0.7657
0.2283,0.2878,59,-0.5169,0.58,RAMASTEEL,0.7069
0.0638,0.2306,42,-0.5174,0.58,COMSYN,0.76
0.1068,0.2446,48,-0.5188,0.58,ADANIGREEN,0.7784
0.2453,0.2907,64,-0.5191,0.56,APEX,0.7829
0.0138,0.2001,46,-0.5193,0.58,SREEL,0.815
0.1815,0.2708,56,-0.5202,0.58,MODISONLTD,0.8
0.068,0.2254,48,-0.5215,0.58,DVL,0.7572
0.2026,0.277,60,-0.5229,0.58,MEIL,0.76
0.2528,0.3094,55,-0.5231,0.52,SIGMAADV,0.8229
0.117,0.2193,71,-0.5233,0.58,IRCON,0.7102
0.1842,0.2739,56,-0.5235,0.58,UNIMECH,0.7886
0.0192,0.2113,42,-0.524,0.58,RAINBOW,0.8218
0.1237,0.2256,69,-0.5247,0.54,BHARATWIRE,0.76
0.2345,0.3033,54,-0.5263,0.58,JISLJALEQS,0.7314
0.1168,0.2452,53,-0.5268,0.58,WEIZMANIND,0.7977
0.0214,0.2005,51,-0.527,0.56,PONNIERODE,0.8208
0.0681,0.2294,48,-0.527,0.5,BAJAJHLDNG,0.7614
0.0303,0.2179,43,-0.5276,0.58,ULTRACEMCO,0.8182
0.0334,0.1993,57,-0.5282,0.58,JKLAKSHMI,0.7086
0.0075,0.1967,50,-0.5295,0.56,TASTYBITE,0.7644
0.1149,0.2439,55,-0.5308,0.58,ANDHRAPAP,0.7874
0.0441,0.2236,45,-0.531,0.58,NESTLEIND,0.7955
0.178,0.2635,64,-0.5318,0.58,RKSWAMY,0.7886
0.2305,0.3338,33,-0.532,0.58,GLOBUSSPR,0.7759
0.0376,0.2098,53,-0.5325,0.58,LAOPALA,0.7784
-0.0164,0.1969,43,-0.5329,0.58,PNBHOUSING,0.8
0.0514,0.2085,59,-0.5332,0.58,BHARTIARTL,0.75
0.1017,0.2308,60,-0.5333,0.56,EIMCOELECO,0.7977
0.0257,0.1997,56,-0.5338,0.58,NH,0.7714
0.0141,0.1775,68,-0.534,0.58,NMDC,0.7898
0.0156,0.1881,61,-0.534,0.58,BEL,0.8011
0.0706,0.2201,57,-0.5343,0.58,KANSAINER,0.7572
0.2424,0.2999,62,-0.5345,0.58,HUHTAMAKI,0.7943
0.0636,0.2143,60,-0.5355,0.58,REPCOHOME,0.7727
0.0096,0.218,38,-0.5356,0.58,TEAMLEASE,0.7529
0.0814,0.2371,50,-0.5356,0.56,ENTERO,0.8457
0.322,0.3526,53,-0.5356,0.58,DSSL,0.7644
0.195,0.3001,46,-0.5358,0.58,TDPOWERSYS,0.8409
0.1439,0.2641,53,-0.5358,0.56,PFS,0.7429
0.2009,0.2819,60,-0.5363,0.58,AARVI,0.8324
0.1296,0.2517,57,-0.5366,0.58,JKCEMENT,0.7829
-0.0193,0.2002,41,-0.5368,0.58,SBIN,0.7657
0.0058,0.1952,53,-0.5369,0.58,SUPREMEIND,0.7874
0.3416,0.3507,62,-0.5369,0.54,SHIVALIK,0.7543
0.125,0.2413,63,-0.5375,0.58,MASFIN,0.7771
0.0381,0.2196,48,-0.5383,0.58,ESAFSFB,0.7714
0.0522,0.2071,61,-0.5383,0.58,MADRASFERT,0.7457
-0.0176,0.1986,43,-0.5383,0.58,MONARCH,0.7931
0.129,0.25,59,-0.5386,0.58,PROTEAN,0.6932
0.3638,0.3688,57,-0.5386,0.58,NIRAJISPAT,0.8035
0.118,0.2713,40,-0.5388,0.58,NRBBEARING,0.8286
0.0667,0.2368,46,-0.539,0.58,NCLIND,0.8046
0.101,0.2425,54,-0.5402,0.52,PSPPROJECT,0.7803
0.3072,0.3518,50,-0.5402,0.56,MAPMYINDIA,0.7241
0.4024,0.3621,76,-0.5403,0.58,TARAPUR,0.7299
0.0917,0.2432,51,-0.5405,0.56,MUNJALAU,0.7714
0.0714,0.2283,55,-0.5415,0.58,NAM-INDIA,0.7955
0.1086,0.2632,44,-0.5427,0.56,UNIONBANK,0.8295
0.1037,0.2686,38,-0.5433,0.58,VLSFINANCE,0.8035
0.1327,0.2408,69,-0.5449,0.58,HUDCO,0.7898
0.2923,0.3464,50,-0.545,0.58,TOTAL,0.8208
0.2667,0.3177,61,-0.545,0.58,AKI,0.7399
0.1124,0.2373,64,-0.5451,0.58,MRF,0.7657
0.1019,0.2553,48,-0.5452,0.58,GULFOILLUB,0.75
0.0142,0.2046,53,-0.5455,0.56,BAJAJ-AUTO,0.8352
0.417,0.376,73,-0.5461,0.58,BCONCEPTS,0.7399
0.0531,0.2478,36,-0.5464,0.58,SONAMLTD,0.815
0.1667,0.2865,49,-0.5472,0.56,STEELCAS,0.7874
0.1167,0.2309,70,-0.5473,0.58,PODDARMENT,0.7225
0.1806,0.2926,50,-0.5474,0.58,RAIN,0.7829
0.4162,0.3931,62,-0.548,0.58,DELPHIFX,0.8046
0.119,0.271,44,-0.5486,0.58,TBZ,0.7943
0.1635,0.268,62,-0.5487,0.56,LTF,0.7955
0.1206,0.2617,52,-0.5506,0.58,SANGHVIMOV,0.7443
0.057,0.2357,48,-0.5509,0.58,PCJEWELLER,0.7386
0.0436,0.2131,59,-0.5511,0.56,CREDITACC,0.8057
0.1074,0.2715,40,-0.5512,0.58,HITECHCORP,0.8439
0.0353,0.2234,49,-0.5515,0.56,INDIANB,0.7886
0.0252,0.2042,59,-0.5517,0.58,GHCL,0.72
0.1229,0.2642,52,-0.5533,0.58,BELRISE,0.8068
0.3116,0.3406,64,-0.5535,0.58,ELECTHERM,0.7701
0.0678,0.235,53,-0.5536,0.58,DLF,0.7943
0.0114,0.2166,46,-0.5547,0.58,CRAFTSMAN,0.8324
0.1217,0.2388,70,-0.5548,0.58,DAMCAPITAL,0.7159
0.0292,0.2142,54,-0.5553,0.56,KINGFA,0.8324
0.0689,0.2436,48,-0.5554,0.58,ADVENZYMES,0.7943
0.0645,0.2308,56,-0.5562,0.58,RKFORGE,0.7955
0.0632,0.2364,52,-0.5574,0.58,BANDHANBNK,0.7955
0.1378,0.2538,65,-0.5576,0.58,ARSHIYA,0.7514
0.5929,0.4858,62,-0.5579,0.58,LEXUS,0.7688
0.128,0.2765,46,-0.558,0.58,SHIVAUM,0.7919
0.0204,0.1967,65,-0.5587,0.58,ATUL,0.7714
0.0268,0.1985,66,-0.5587,0.56,SIRCA,0.7143
0.1772,0.3063,43,-0.5589,0.56,BRIGHOTEL,0.7816
0.1855,0.2879,59,-0.5589,0.58,EPIGRAL,0.7314
0.1211,0.2422,69,-0.5594,0.58,TTML,0.6989
0.1403,0.2887,43,-0.56,0.58,AJAXENGG,0.7943
0.0118,0.2102,53,-0.5601,0.58,PRAJIND,0.7886
0.138,0.2711,55,-0.5605,0.58,LTM,0.733
0.0428,0.2423,42,-0.5617,0.58,FLUOROCHEM,0.84
-0.022,0.2043,46,-0.562,0.58,ASKAUTOLTD,0.8
0.2168,0.3166,51,-0.5622,0.58,KIRLPNU,0.8171
0.1641,0.2818,57,-0.5624,0.58,JKTYRE,0.7543
0.0332,0.2092,62,-0.5624,0.58,HIRECT,0.7829
0.2314,0.3176,56,-0.5629,0.58,COFFEEDAY,0.7557
0.0884,0.2361,62,-0.563,0.58,VASWANI,0.8035
0.1776,0.2879,58,-0.563,0.58,RAYMONDREL,0.7102
0.174,0.2837,59,-0.563,0.54,NUCLEUS,0.7529
0.0886,0.2745,36,-0.564,0.56,LOKESHMACH,0.8563
0.1082,0.2471,63,-0.5649,0.56,PTC,0.7273
0.034,0.2204,55,-0.5658,0.58,AIAENG,0.7514
0.1562,0.2921,48,-0.5659,0.58,INDOAMIN,0.7989
0.088,0.2561,50,-0.5663,0.58,BOSCH-HCIL,0.8352
0.0155,0.2266,45,-0.567,0.5,HOMEFIRST,0.7529
0.1056,0.2649,50,-0.567,0.56,JSWHL,0.7371
0.1701,0.2703,68,-0.5671,0.58,LOTUSEYE,0.7977
-0.0091,0.1993,56,-0.5676,0.58,SUNDARMFIN,0.7771
-0.0345,0.2059,42,-0.5677,0.58,JMA,0.8382
0.1592,0.2898,52,-0.5681,0.56,WHEELS,0.8295
0.1125,0.272,48,-0.5685,0.58,IGCL,0.7714
0.1076,0.2444,66,-0.5688,0.58,MAWANASUG,0.8068
0.0956,0.2807,36,-0.5692,0.58,MACPOWER,0.7931
0.1542,0.2707,63,-0.5693,0.58,KRITINUT,0.7746
0.1502,0.2845,53,-0.5694,0.56,ANANTRAJ,0.8125
0.0466,0.228,56,-0.5694,0.58,ASAHIINDIA,0.8057
0.3179,0.3543,62,-0.5699,0.52,VENUSREM,0.8092
0.2093,0.2916,69,-0.57,0.56,JPPOWER,0.7045
0.1718,0.2738,68,-0.57,0.58,KSOLVES,0.7314
0.2704,0.3429,54,-0.5707,0.58,SILGO,0.8621
0.0534,0.2307,57,-0.5708,0.58,AARTIPHARM,0.7714
0.046,0.2179,64,-0.5717,0.58,ADANIPOWER,0.7955
0.5876,0.51,49,-0.5723,0.58,MANAKALUCO,0.72
0.0974,0.2716,44,-0.5723,0.58,PRIVISCL,0.8621
0.1441,0.2792,55,-0.5724,0.58,PRITIKAUTO,0.7701
0.1975,0.2961,63,-0.5736,0.58,FSL,0.7273
0.1185,0.2643,58,-0.5758,0.58,AEROFLEX,0.7714
0.3566,0.3743,64,-0.5758,0.56,TRIGYN,0.7471
0.2265,0.3145,61,-0.5759,0.58,NIBE,0.7216
0.2886,0.3527,56,-0.576,0.56,POLYMED,0.7784
0.0903,0.2623,50,-0.5764,0.56,ARVIND,0.8636
0.1182,0.2488,68,-0.577,0.58,KOLTEPATIL,0.8256
0.1016,0.2845,38,-0.5771,0.58,SHANKARA,0.7861
0.3052,0.3493,64,-0.5773,0.58,ATLANTAA,0.7759
0.2648,0.3363,59,-0.5774,0.58,FUSION,0.7874
0.0523,0.2397,53,-0.5777,0.58,MBAPL,0.8239
0.0356,0.2075,69,-0.5778,0.58,RUBFILA,0.7644
0.1345,0.2875,48,-0.5784,0.56,VENKEYS,0.7471
0.1995,0.318,50,-0.5785,0.54,HCC,0.733
0.0972,0.2748,44,-0.5789,0.58,MENONBE,0.8678
0.0639,0.2411,56,-0.5793,0.58,CENTUM,0.8506
0.1277,0.2636,62,-0.5798,0.58,VITAL,0.75
0.0827,0.2646,47,-0.5808,0.52,APARINDS,0.7657
0.0316,0.2233,58,-0.5808,0.58,NUVOCO,0.7371
0.0864,0.2591,52,-0.5812,0.58,MAGADSUGAR,0.7529
0.1242,0.2694,58,-0.5813,0.58,HMAAGRO,0.7414
0.1491,0.2838,57,-0.5814,0.54,CAMPUS,0.7657
0.0396,0.2353,53,-0.5815,0.58,GLENMARK,0.8693
0.0723,0.2452,57,-0.5818,0.56,VGUARD,0.8161
0.0304,0.2133,65,-0.5819,0.58,RCF,0.7314
0.1441,0.3018,43,-0.5823,0.58,COHANCE,0.7371
-0.026,0.2035,53,-0.5835,0.58,LUPIN,0.8068
0.1618,0.2828,63,-0.5837,0.58,JAICORPLTD,0.7143
0.2378,0.3284,58,-0.5838,0.56,JAYNECOIND,0.7841
0.2689,0.3397,60,-0.584,0.58,KEYFINSERV,0.7803
0.044,0.2504,45,-0.5847,0.58,MARUTI,0.7841
-0.0034,0.2041,61,-0.5849,0.58,BANKBARODA,0.7955
0.1265,0.2722,58,-0.5855,0.56,AAATECH,0.7399
0.0139,0.2375,44,-0.5862,0.58,KTKBANK,0.8352
0.0165,0.2045,67,-0.5862,0.58,ALKEM,0.7861
-0.0165,0.1939,63,-0.5863,0.58,CIEINDIA,0.7688
0.0161,0.221,56,-0.5868,0.56,ENIL,0.7184
0.1068,0.2488,68,-0.5873,0.58,SUKHJITS,0.7977
0.0917,0.2597,56,-0.5876,0.58,SBICARD,0.7371
0.0443,0.2399,53,-0.5878,0.58,TVSHLTD,0.7586
0.1428,0.291,52,-0.5878,0.58,VERANDA,0.7943
0.1267,0.2769,56,-0.5879,0.58,BUTTERFLY,0.7759
0.078,0.228,73,-0.5879,0.58,INVENTURE,0.7356
0.2137,0.317,59,-0.5879,0.56,WALCHANNAG,0.7386
0.2979,0.357,60,-0.5895,0.58,CROWN,0.7399
0.1574,0.2997,52,-0.5897,0.58,SHREEPUSHK,0.7557
-0.0003,0.2169,55,-0.5904,0.58,DIXON,0.7727
0.0441,0.2326,60,-0.5916,0.56,COCHINSHIP,0.7386
0.1279,0.2774,58,-0.5917,0.58,SURYAROSNI,0.7614
0.1771,0.2997,59,-0.5919,0.52,JUSTDIAL,0.7299
0.1664,0.2996,56,-0.592,0.58,SOTL,0.7727
0.0034,0.2408,40,-0.5924,0.58,DIVISLAB,0.8229
0.0069,0.2019,69,-0.594,0.58,CAMS,0.7257
0.0478,0.2511,49,-0.5943,0.56,NUVAMA,0.7771
0.153,0.2904,59,-0.5954,0.58,FEDFINA,0.8011
0.165,0.3023,54,-0.5957,0.58,TAINWALCHM,0.8208
0.1819,0.2911,68,-0.5958,0.58,ORIENTCER,0.7759
0.2053,0.3235,54,-0.5959,0.58,RACLGEAR,0.8
0.1742,0.3197,46,-0.5965,0.58,SUBEXLTD,0.7657
0.1911,0.316,55,-0.5971,0.58,EPACK,0.7102
0.1796,0.3062,58,-0.5976,0.58,SCODATUBES,0.7557
0.0616,0.2527,54,-0.5981,0.54,IKS,0.7771
-0.0115,0.1939,70,-0.5982,0.58,VMM,0.7216
0.0313,0.2362,55,-0.5983,0.58,AUBANK,0.76
0.0254,0.2401,50,-0.5984,0.58,XCHANGING,0.7471
0.0245,0.2534,41,-0.5994,0.58,GREENPLY,0.7543
0.1039,0.2774,52,-0.5994,0.56,DATAPATTNS,0.8114
0.227,0.3314,58,-0.6005,0.58,SKMEGGPROD,0.7898
0.2706,0.338,68,-0.6008,0.52,MANAKSTEEL,0.7701
0.1446,0.2933,55,-0.6018,0.58,BANSWRAS,0.7733
0.1953,0.2894,76,-0.6019,0.5,RHL,0.6897
0.0134,0.2513,40,-0.6029,0.58,TBOTEK,0.7727
-0.0002,0.2252,53,-0.6029,0.56,TNPL,0.7586
0.1191,0.2659,67,-0.6031,0.56,SANOFICONR,0.8011
0.0506,0.2498,54,-0.6032,0.54,NITINSPIN,0.8286
0.1051,0.2795,52,-0.6033,0.58,KDDL,0.7989
0.1819,0.2941,69,-0.6034,0.58,BIGBLOC,0.7143
0.0327,0.2258,65,-0.6036,0.56,SAMMAANCAP,0.7443
0.0288,0.2394,54,-0.6042,0.58,TRIDENT,0.72
0.134,0.2847,59,-0.606,0.58,DOLATALGO,0.7803
-0.0257,0.2061,59,-0.6064,0.58,MARICO,0.8114
0.1354,0.2867,59,-0.6066,0.58,REFEX,0.7429
0.0191,0.2393,52,-0.6073,0.58,ZYDUSWELL,0.7216
0.2154,0.3233,62,-0.6074,0.58,BAJEL,0.75
0.0631,0.2594,53,-0.608,0.58,RAMCOCEM,0.7586
0.2584,0.3622,50,-0.608,0.58,UNIVCABLES,0.8068
0.1059,0.2946,44,-0.609,0.58,MMFL,0.8629
0.1277,0.2699,69,-0.6093,0.58,GODFRYPHLP,0.7314
0.0317,0.2578,44,-0.6096,0.58,WSTCSTPAPR,0.8114
0.1782,0.3143,56,-0.6103,0.58,TECHNOE,0.7829
0.3022,0.3707,60,-0.6107,0.58,SEJALLTD,0.7371
0.0858,0.2593,62,-0.6109,0.58,CONCORDBIO,0.7701
0.1288,0.2877,58,-0.6114,0.58,BANKINDIA,0.8125
0.0868,0.2716,54,-0.6124,0.58,RITCO,0.7977
0.181,0.3045,65,-0.6126,0.56,SHAKTIPUMP,0.7159
0.6512,0.5599,50,-0.6132,0.58,TCIFINANCE,0.7861
0.0944,0.2788,53,-0.6137,0.58,NBCC,0.733
0.0399,0.271,39,-0.6141,0.58,KRYSTAL,0.7299
-0.0061,0.2304,51,-0.6143,0.58,HISARMETAL,0.7514
0.2668,0.3657,53,-0.6151,0.52,KPEL,0.7102
0.1529,0.3045,56,-0.6153,0.58,CHENNPETRO,0.8466
0.0554,0.2715,45,-0.6154,0.58,THANGAMAYL,0.8182
0.0769,0.259,61,-0.6154,0.5,ORIENTPPR,0.7086
0.1273,0.2766,66,-0.6155,0.58,INTERARCH,0.7816
0.0924,0.2703,59,-0.6158,0.58,FISCHER,0.7159
0.2654,0.349,64,-0.6165,0.58,NIPPOBATRY,0.7759
0.0352,0.2359,63,-0.6166,0.58,MFSL,0.7429
0.0455,0.2661,45,-0.6168,0.56,MAHESHWARI,0.8324
0.2404,0.3575,50,-0.6183,0.58,EQUIPPP,0.8276
0.1495,0.3092,52,-0.6192,0.58,CLSEL,0.7572
0.0473,0.2564,54,-0.6197,0.58,RML,0.7829
0.0404,0.244,60,-0.62,0.58,INDIASHLTR,0.8046
0.271,0.3733,51,-0.6206,0.56,DELTACORP,0.7386
0.1194,0.2932,54,-0.6213,0.54,DIACABS,0.8343
0.1518,0.3009,60,-0.6214,0.58,TIPSMUSIC,0.84
0.6835,0.5513,70,-0.6215,0.58,CEREBRAINT,0.711
0.0518,0.2605,53,-0.6215,0.54,360ONE,0.7816
0.1181,0.2847,60,-0.6217,0.58,APTECHT,0.7614
0.0443,0.2757,40,-0.6221,0.58,UNIPARTS,0.8333
0.0752,0.2886,42,-0.6221,0.58,KANORICHEM,0.8286
0.192,0.3136,66,-0.6248,0.56,KITEX,0.7471
0.0731,0.2624,61,-0.6249,0.58,NTPCGREEN,0.7614
0.1846,0.3116,65,-0.6253,0.56,A2ZINFRA,0.7356
0.0536,0.2528,61,-0.6262,0.58,ORIENTELEC,0.7486
0.0764,0.2884,44,-0.6269,0.58,KIRLOSENG,0.8276
0.0998,0.2788,59,-0.6274,0.58,BCLIND,0.7644
0.2094,0.3259,65,-0.6281,0.54,NGLFINE,0.8
0.0314,0.2316,68,-0.6284,0.58,VIDHIING,0.8092
0.1304,0.2985,57,-0.6285,0.56,SURAJEST,0.7614
-0.0056,0.2387,51,-0.6288,0.58,GODIGIT,0.7657
-0.0013,0.24,52,-0.6289,0.58,GAIL,0.8295
0.2706,0.3726,54,-0.6298,0.58,HARIOMPIPE,0.7644
0.0418,0.2426,65,-0.6302,0.56,MANKIND,0.7586
0.0365,0.2442,63,-0.6319,0.58,MSUMI,0.7429
0.1148,0.2827,64,-0.6323,0.58,RICOAUTO,0.7443
0.1761,0.3163,62,-0.6336,0.58,AJMERA,0.7143
0.0452,0.2637,53,-0.6337,0.58,GABRIEL,0.7714
0.2176,0.3194,75,-0.6342,0.56,ORIENTTECH,0.7557
0.0867,0.2718,62,-0.6351,0.52,GPTINFRA,0.7586
0.1857,0.3363,52,-0.6354,0.54,JGCHEM,0.7943
0.5496,0.4892,72,-0.6358,0.58,REGENCERAM,0.7241
0.0979,0.2853,57,-0.6365,0.54,POLICYBZR,0.7989
0.0441,0.2522,62,-0.6365,0.56,NIACL,0.7614
0.2235,0.3523,55,-0.6373,0.5,IFCI,0.7955
0.0296,0.247,60,-0.6377,0.58,BVCL,0.8092
0.1939,0.3346,57,-0.6381,0.58,RAMCOSYS,0.7429
-0.0147,0.2433,48,-0.6392,0.58,AGARWALEYE,0.7816
-0.0596,0.2327,40,-0.6394,0.58,MWL,0.84
0.1611,0.3349,46,-0.6408,0.58,VMART,0.8103
-0.0241,0.2399,48,-0.641,0.58,MAHSEAMLES,0.7771
0.2249,0.3316,71,-0.6411,0.52,BHARATGEAR,0.7429
0.0568,0.2669,58,-0.6418,0.56,SHANTIGOLD,0.767
0.0708,0.2789,54,-0.6423,0.58,RHIM,0.7759
0.1473,0.3121,58,-0.6426,0.54,63MOONS,0.7371
0.0279,0.2503,60,-0.644,0.58,IMAGICAA,0.7657
0.0951,0.2807,62,-0.6446,0.58,KRONOX,0.7701
0.1263,0.3105,52,-0.6451,0.58,ALPA,0.7572
0.0573,0.2794,50,-0.6451,0.5,APTUS,0.7126
0.0952,0.273,68,-0.6452,0.58,JAMNAAUTO,0.7486
-0.0507,0.2259,50,-0.6454,0.58,GRANULES,0.7943
0.038,0.2495,64,-0.6459,0.52,CSLFINANCE,0.7283
0.0047,0.2391,60,-0.646,0.56,CARERATING,0.7931
0.0942,0.2729,68,-0.647,0.58,CENTEXT,0.7874
0.0881,0.2714,68,-0.6479,0.56,REDINGTON,0.8011
0.1114,0.3086,50,-0.6486,0.58,SARLAPOLY,0.84
0.0637,0.275,57,-0.649,0.58,GUFICBIO,0.8057
0.2151,0.3696,44,-0.6492,0.58,ALLCARGO,0.767
0.1254,0.3102,54,-0.6501,0.56,SIGNPOST,0.7529
-0.0268,0.2182,66,-0.6517,0.56,ABCAPITAL,0.7657
0.0752,0.29,51,-0.6522,0.58,EUROBOND,0.8092
0.0746,0.2886,53,-0.6532,0.58,SALASAR,0.7386
-0.0219,0.215,71,-0.6535,0.58,TATACONSUM,0.733
0.0772,0.2739,64,-0.6544,0.58,PDMJEPAPER,0.7299
0.1765,0.36,39,-0.6549,0.58,ABAN,0.6971
0.2082,0.3602,50,-0.655,0.58,VIMTALABS,0.8
-0.027,0.2482,46,-0.6557,0.58,GPTHEALTH,0.8103
0.1168,0.3034,58,-0.6557,0.58,MUFTI,0.7143
-0.0198,0.229,62,-0.656,0.58,GICRE,0.7989
0.0652,0.2898,49,-0.6567,0.54,PILANIINVS,0.7442
0.3419,0.4127,61,-0.6568,0.58,DAVANGERE,0.7273
0.1089,0.3118,50,-0.6585,0.58,RUCHIRA,0.8046
0.4097,0.4221,78,-0.6586,0.54,SHREERAMA,0.7126
0.0598,0.2776,58,-0.6601,0.58,WABAG,0.7898
-0.0246,0.2581,42,-0.6608,0.58,FORTIS,0.76
0.0913,0.2838,64,-0.6613,0.58,SURYALAXMI,0.7861
-0.0083,0.2659,42,-0.6615,0.58,OBCL,0.815
-0.0289,0.2615,38,-0.6618,0.56,UMIYA-MRO,0.7919
-0.0016,0.2441,60,-0.6622,0.58,KIMS,0.7931
0.062,0.2851,54,-0.6626,0.58,UTKARSHBNK,0.7486
-0.0713,0.256,28,-0.6634,0.58,SBC,0.8457
0.0133,0.2465,64,-0.6635,0.58,MAHSCOOTER,0.7644
0.1545,0.3263,58,-0.6637,0.58,QUADFUTURE,0.7429
0.3621,0.4268,60,-0.6638,0.58,VERTOZ,0.7471
0.0201,0.2964,32,-0.6641,0.56,IIFLCAPS,0.8457
0.1602,0.3061,74,-0.6648,0.58,FOODSIN,0.7529
0.0525,0.2807,54,-0.6649,0.58,EXXARO,0.7919
0.1369,0.3317,48,-0.6653,0.58,HMT,0.8266
0.0406,0.2475,73,-0.6654,0.58,CONTROLPR,0.7803
-0.0646,0.2294,30,-0.6662,0.58,KIRLFER,0.781
0.0577,0.2849,54,-0.6663,0.58,SFL,0.76
0.0192,0.2558,61,-0.6668,0.52,NEULANDLAB,0.7943
-0.023,0.2438,55,-0.6669,0.58,HDFCBANK,0.7045
0.3167,0.4024,62,-0.6673,0.5,TIL,0.7225
0.2202,0.3497,66,-0.6678,0.56,KAYNES,0.7543
0.1133,0.3101,56,-0.6678,0.58,KOTHARIPRO,0.7701
0.0792,0.2937,56,-0.6681,0.58,CARBORUNIV,0.8114
-0.0363,0.2506,46,-0.6697,0.58,CAPLIPOINT,0.7989
0.0617,0.2903,53,-0.6703,0.58,TI,0.8343
0.1583,0.3192,67,-0.6704,0.58,VIKRAMSOLR,0.7557
-0.0045,0.2589,52,-0.6709,0.58,ASHIANA,0.8057
0.337,0.4241,56,-0.6721,0.58,DHRUV,0.7931
-0.015,0.2656,44,-0.6727,0.58,ISGEC,0.7299
0.0957,0.3071,54,-0.6728,0.56,DEEPINDS,0.8
0.2259,0.3581,64,-0.6731,0.58,PARASPETRO,0.7714
0.0421,0.2592,69,-0.6735,0.58,PNBGILTS,0.7371
-0.0123,0.28,35,-0.674,0.58,ESABINDIA,0.7733
-0.0243,0.2528,51,-0.6747,0.58,GODREJCP,0.733
0.1223,0.2964,72,-0.6751,0.58,HINDCOPPER,0.7841
0.1686,0.3315,64,-0.6763,0.58,TATVA,0.8125
0.216,0.3548,64,-0.6776,0.56,LFIC,0.7011
-0.0118,0.2752,40,-0.6778,0.58,GKWLIMITED,0.8439
0.3937,0.4614,52,-0.6785,0.56,BROOKS,0.6782
0.0206,0.2847,46,-0.6795,0.58,SKFINDIA,0.7727
0.1771,0.3462,57,-0.68,0.58,KNAGRI,0.7746
0.3911,0.4633,50,-0.6801,0.56,BYKE,0.763
-0.0292,0.243,58,-0.6809,0.58,STEELXIND,0.7371
0.2319,0.3618,66,-0.6814,0.58,GATECHDVR,0.7931
0.196,0.3435,68,-0.6843,0.58,EFCIL,0.7614
-0.0609,0.2481,45,-0.6857,0.58,RADICO,0.8114
-0.0313,0.2672,42,-0.6865,0.58,RSWM,0.7759
0.0371,0.2991,44,-0.6868,0.58,CHALET,0.7771
0.1648,0.3584,47,-0.6871,0.58,SUYOG,0.8046
0.1366,0.3327,55,-0.6877,0.56,ENERGYDEV,0.7861
-0.0176,0.267,48,-0.6879,0.56,WELENT,0.7898
0.0492,0.2869,57,-0.6885,0.56,TVSSRICHAK,0.7701
0.1015,0.3273,48,-0.6902,0.56,STLTECH,0.8457
0.0715,0.2958,59,-0.6905,0.58,ZODIACLOTH,0.7572
0.0483,0.2739,67,-0.6909,0.58,HILINFRA,0.7257
0.1019,0.2936,72,-0.691,0.58,WEALTH,0.7543
0.2544,0.3817,64,-0.691,0.58,WEBELSOLAR,0.7045
0.0984,0.3057,62,-0.6912,0.58,NIRAJ,0.7701
0.0872,0.3146,52,-0.6914,0.58,WANBURY,0.7989
0.0153,0.2994,38,-0.6914,0.58,CUPID,0.8977
0.2815,0.4048,57,-0.6919,0.56,TRANSWORLD,0.7759
0.0649,0.2861,65,-0.6919,0.58,PICCADIL,0.75
0.0523,0.299,51,-0.6923,0.58,MGL,0.7471
0.4655,0.5127,46,-0.6928,0.58,SPECTRUM,0.7919
0.0478,0.3087,43,-0.6932,0.58,BALKRISHNA,0.8046
-0.0038,0.2711,52,-0.6937,0.56,CGCL,0.8239
0.0423,0.2905,54,-0.6938,0.58,EMUDHRA,0.7414
-0.0011,0.2667,56,-0.6946,0.54,VISHNU,0.7829
-0.0007,0.2876,42,-0.6952,0.54,TATAPOWER,0.7557
0.1218,0.2992,77,-0.6955,0.58,ZENSARTECH,0.7045
0.1517,0.3261,68,-0.6959,0.58,VIPCLOTHNG,0.7241
-0.0505,0.2473,53,-0.6965,0.58,KMSUGAR,0.7486
0.0743,0.2998,60,-0.6968,0.58,NAVA,0.7886
0.0712,0.3046,56,-0.697,0.58,VINCOFE,0.7784
0.2156,0.3799,54,-0.6976,0.58,ASTEC,0.75
0.1822,0.3596,56,-0.6978,0.56,SHIVAMAUTO,0.7529
0.0933,0.3093,61,-0.6987,0.58,IIFL,0.8352
-0.0138,0.265,54,-0.699,0.58,DONEAR,0.7586
0.0207,0.2824,55,-0.7013,0.58,CDSL,0.7371
-0.0164,0.2731,49,-0.7018,0.56,OFSS,0.8011
0.0057,0.2995,38,-0.7019,0.58,NAZARA,0.8514
0.1091,0.3377,48,-0.7028,0.58,IOLCP,0.8182
-0.0515,0.2708,38,-0.7028,0.58,NDLVENTURE,0.7688
0.0255,0.2841,56,-0.7036,0.52,GMMPFAUDLR,0.7701
0.0532,0.2921,60,-0.7044,0.56,MOLDTECH,0.7746
0.0932,0.3174,57,-0.7046,0.58,INDOSTAR,0.7657
0.0897,0.3198,54,-0.7051,0.54,COSMOFIRST,0.7701
-0.0157,0.2791,46,-0.7053,0.58,WINDLAS,0.8171
-0.0688,0.237,57,-0.7057,0.56,GRWRHITECH,0.7657
0.1255,0.3385,54,-0.7058,0.56,MAZDA,0.7657
0.1341,0.3458,52,-0.7061,0.58,SSDL,0.7371
0.0121,0.2924,47,-0.7062,0.58,ENRIN,0.7443
-0.0236,0.2868,38,-0.7071,0.58,SEAMECLTD,0.896
0.1471,0.3489,55,-0.7079,0.58,SERVOTECH,0.7314
0.1089,0.3343,52,-0.7083,0.58,ELLEN,0.72
0.026,0.3162,36,-0.7092,0.58,TFCILTD,0.8171
-0.0016,0.2898,46,-0.712,0.58,SUZLON,0.733
0.1721,0.3613,56,-0.7124,0.58,REPRO,0.7399
0.0065,0.2575,72,-0.7154,0.56,SAREGAMA,0.7874
0.254,0.3806,73,-0.7157,0.5,DCXINDIA,0.7029
0.2276,0.3972,52,-0.7162,0.58,RAJMET,0.8103
0.1023,0.337,50,-0.7163,0.58,SALSTEEL,0.8208
-0.0435,0.2627,52,-0.7167,0.58,TVSMOTOR,0.7614
0.1526,0.3393,66,-0.7167,0.58,IRIS,0.7746
-0.0365,0.2549,60,-0.7168,0.58,IRB,0.7443
0.0941,0.3268,55,-0.7175,0.58,GALLANTT,0.7759
0.1013,0.3364,51,-0.7179,0.58,BANSALWIRE,0.7701
-0.0424,0.2503,61,-0.7183,0.58,ARVSMART,0.7586
0.0126,0.2816,58,-0.7183,0.58,ASPINWALL,0.7919
0.1362,0.3385,62,-0.719,0.58,NRAIL,0.7414
0.0518,0.2884,68,-0.7194,0.56,KIRLOSBROS,0.8
0.1746,0.3748,50,-0.7195,0.58,BEDMUTHA,0.7803
0.017,0.2924,54,-0.7213,0.58,CUB,0.8068
0.1971,0.3803,55,-0.7215,0.56,RATEGAIN,0.7989
0.0362,0.2976,57,-0.7219,0.58,GANECOS,0.7771
0.0988,0.315,66,-0.722,0.58,GOKUL,0.7746
0.191,0.3679,62,-0.722,0.58,BAJAJINDEF,0.72
0.2555,0.4056,58,-0.7233,0.58,CLEDUCATE,0.7688
0.0164,0.3087,43,-0.7238,0.58,BRIGADE,0.7143
-0.0149,0.2949,42,-0.7246,0.58,IVC,0.7943
0.2157,0.4041,46,-0.7254,0.58,DHUNINV,0.7514
0.0,0.2827,56,-0.7262,0.58,WINDMACHIN,0.8103
0.0802,0.2993,73,-0.7269,0.58,VIPIND,0.7371
-0.0303,0.2765,50,-0.7269,0.58,SUNDROP,0.7759
0.1222,0.3251,70,-0.727,0.58,IXIGO,0.7443
-0.0351,0.2745,50,-0.7279,0.58,BIRLACABLE,0.7701
0.0474,0.3084,56,-0.7295,0.58,V2RETAIL,0.7886
0.0111,0.2909,56,-0.7298,0.58,UPL,0.7557
0.0323,0.2983,58,-0.73,0.58,ICIL,0.7771
0.3987,0.481,58,-0.73,0.56,SOMICONVEY,0.7701
0.0803,0.3152,63,-0.7301,0.58,ALOKINDS,0.72
0.0344,0.3138,48,-0.7302,0.56,DEVYANI,0.7486
0.0053,0.2812,60,-0.7306,0.58,MAYURUNIQ,0.7861
0.0722,0.3239,54,-0.7307,0.58,DENORA,0.7644
-0.0368,0.2864,42,-0.731,0.58,SWARAJ,0.7919
-0.0235,0.2963,40,-0.731,0.58,AVADHSUGAR,0.7989
0.0717,0.3133,62,-0.7311,0.58,VIYASH,0.767
-0.0057,0.2876,53,-0.7314,0.58,IGIL,0.7898
0.063,0.3079,62,-0.7319,0.56,AHLEAST,0.7746
0.0661,0.3189,56,-0.7335,0.58,HEALTHX,0.7861
0.2629,0.4078,63,-0.7338,0.58,VISACHROME,0.7586
0.0432,0.3169,50,-0.7344,0.58,INDNIPPON,0.8103
0.0115,0.2845,62,-0.7346,0.54,SUPRAJIT,0.7657
0.0978,0.3451,50,-0.7354,0.58,TORNTPOWER,0.7829
-0.0293,0.2902,44,-0.7362,0.56,NRL,0.8621
0.0019,0.285,59,-0.7365,0.56,J&KBANK,0.8114
0.0487,0.3237,48,-0.7366,0.58,FDC,0.7414
0.1512,0.3474,68,-0.7367,0.56,OLAELEC,0.7159
0.1936,0.3662,69,-0.7372,0.5,OMAXE,0.7701
0.0798,0.3109,68,-0.7373,0.58,RCOM,0.7069
0.1912,0.3657,69,-0.7375,0.58,BPL,0.7257
-0.0192,0.3031,39,-0.7375,0.58,VRLLOG,0.7586
0.0783,0.3304,54,-0.7377,0.56,PLAZACABLE,0.8103
0.0401,0.3061,58,-0.7378,0.58,KAMDHENU,0.8457
0.138,0.3546,58,-0.7379,0.58,BORANA,0.8046
-0.0288,0.2802,52,-0.7379,0.58,CINELINE,0.7771
0.1362,0.3576,56,-0.739,0.58,FCSSOFT,0.7029
0.034,0.3084,55,-0.739,0.58,PERSISTENT,0.7557
0.087,0.3251,62,-0.7392,0.58,MSTCLTD,0.75
0.0842,0.3222,62,-0.7395,0.58,BHAGCHEM,0.7514
0.0949,0.3008,82,-0.7409,0.58,SPENCERS,0.72
0.0691,0.3397,46,-0.7409,0.58,WAAREEENER,0.7443
0.0996,0.3518,48,-0.7413,0.56,KABRAEXTRU,0.7771
-0.0047,0.2646,73,-0.7436,0.58,TCI,0.7529
0.0549,0.3423,40,-0.7447,0.58,IVP,0.8276
0.0498,0.3283,48,-0.7455,0.58,INDIANCARD,0.7399
-0.0456,0.273,54,-0.7467,0.58,APCOTEXIND,0.7471
0.0068,0.3016,52,-0.7467,0.58,SHIVATEX,0.7514
-0.033,0.2778,56,-0.7477,0.58,EMAMILTD,0.6932
0.2075,0.4016,53,-0.7479,0.58,VIKASLIFE,0.7356
0.0685,0.339,48,-0.7482,0.58,DBSTOCKBRO,0.815
0.2044,0.3791,67,-0.7486,0.58,EUROTEXIND,0.7849
0.0432,0.3364,42,-0.749,0.58,ORIENTHOT,0.8011
0.2378,0.4367,40,-0.7492,0.56,ECOSMOBLTY,0.7045
-0.0086,0.3082,44,-0.75,0.54,DRREDDY,0.7784
0.0357,0.3189,52,-0.7507,0.58,SAPPHIRE,0.76
-0.016,0.2816,60,-0.7517,0.58,ERIS,0.7759
-0.0332,0.2808,55,-0.7519,0.58,CANFINHOME,0.7486
0.1371,0.3664,55,-0.7529,0.54,LLOYDSENT,0.72
0.0084,0.2999,57,-0.7543,0.58,VSTTILLERS,0.7029
-0.0285,0.2865,54,-0.755,0.58,VENTIVE,0.7443
-0.0792,0.2559,58,-0.7558,0.58,INDHOTEL,0.7443
0.2802,0.4285,62,-0.756,0.56,VALIANTORG,0.7052
0.1499,0.3561,68,-0.7566,0.58,EASTSILK,0.6971
0.0154,0.2885,68,-0.7569,0.56,SPIC,0.7414
-0.0086,0.3029,50,-0.7573,0.58,DYNAMATECH,0.72
0.0955,0.3551,50,-0.7574,0.58,VSTL,0.8
0.0549,0.324,58,-0.7587,0.58,STYRENIX,0.76
0.0066,0.3202,44,-0.7603,0.58,INDSWFTLAB,0.8218
0.0462,0.331,51,-0.7606,0.58,DHANBANK,0.75
0.0821,0.3319,63,-0.7617,0.56,EIDPARRY,0.7314
0.123,0.3657,54,-0.7618,0.58,GREAVESCOT,0.7727
0.0048,0.2897,66,-0.7621,0.58,BHARTIHEXA,0.7727
-0.065,0.2861,44,-0.763,0.58,LALPATHLAB,0.8057
0.1669,0.3989,46,-0.7631,0.58,ANUP,0.7356
0.1981,0.3882,64,-0.7633,0.56,PNC,0.7688
0.2009,0.3935,62,-0.7633,0.58,IFGLEXPOR,0.7943
0.0905,0.3299,68,-0.7636,0.58,MITTAL,0.7486
0.1866,0.3965,56,-0.7664,0.58,NECLIFE,0.6971
0.0128,0.3153,52,-0.7671,0.58,RELIGARE,0.7874
0.014,0.2935,68,-0.7674,0.58,TRACXN,0.7086
0.027,0.3132,59,-0.7691,0.58,TVSELECT,0.7241
-0.0557,0.2856,49,-0.7694,0.58,PGHL,0.75
-0.0451,0.2771,59,-0.7698,0.58,SANDESH,0.7457
0.0398,0.3247,56,-0.7705,0.58,SUTLEJTEX,0.7816
0.0857,0.3469,57,-0.7709,0.58,GOLDIAM,0.7714
0.0699,0.3183,72,-0.7712,0.58,ASIANTILES,0.733
0.129,0.3777,51,-0.7713,0.58,KPITTECH,0.6761
0.0667,0.3415,54,-0.7715,0.58,KAKATCEM,0.7759
0.1786,0.3918,58,-0.7717,0.56,RPPINFRA,0.6839
-0.011,0.2898,64,-0.7725,0.58,URJA,0.6705
0.0423,0.3126,67,-0.7732,0.58,BSOFT,0.6875
-0.0051,0.2946,63,-0.7733,0.58,AADHARHFC,0.733
0.0297,0.3173,59,-0.7734,0.58,SHRIRAMPPS,0.6971
0.3016,0.4459,64,-0.774,0.58,MEDICAMEQ,0.7126
-0.0174,0.2869,65,-0.7758,0.58,KFINTECH,0.7614
0.047,0.3428,48,-0.7758,0.58,THYROCARE,0.7829
0.0553,0.3421,52,-0.7776,0.58,SALZERELEC,0.7429
0.0894,0.3484,59,-0.7779,0.58,SAMPANN,0.7919
0.0417,0.3308,55,-0.778,0.58,HINDCON,0.7874
0.0819,0.35,56,-0.779,0.58,GANESHBE,0.7874
-0.0547,0.276,60,-0.7791,0.58,DHARMAJ,0.8103
0.0248,0.3083,66,-0.7805,0.56,KRSNAA,0.7543
0.2374,0.4022,74,-0.7809,0.56,WILLAMAGOR,0.7572
-0.0122,0.3409,31,-0.7825,0.56,PASHUPATI,0.8343
0.0749,0.3455,58,-0.7828,0.56,PPL,0.7931
-0.0554,0.288,53,-0.7829,0.58,ELGIEQUIP,0.8057
0.1643,0.3914,58,-0.7832,0.56,JYOTHYLAB,0.7557
0.0827,0.3554,54,-0.7833,0.56,UNIVASTU,0.7989
-0.0232,0.3027,54,-0.7837,0.58,KPIL,0.8218
-0.0355,0.2975,54,-0.7857,0.58,IMPAL,0.7931
0.0185,0.3255,54,-0.7868,0.58,SAMBHV,0.7771
-0.0236,0.2997,57,-0.7868,0.58,ORICONENT,0.8046
0.0352,0.3364,52,-0.787,0.58,YUKEN,0.7701
-0.0397,0.3,52,-0.7873,0.58,ANTHEM,0.7841
0.09,0.3636,52,-0.7875,0.58,KOTHARIPET,0.7919
-0.0253,0.3075,52,-0.7889,0.58,RANASUG,0.8
0.0224,0.3259,56,-0.7902,0.58,MANCREDIT,0.7989
0.2115,0.4237,54,-0.7902,0.58,NIBL,0.7829
-0.0655,0.2954,48,-0.7934,0.58,UBL,0.72
0.2775,0.4421,65,-0.7934,0.52,GOLDTECH,0.7299
0.0269,0.3326,54,-0.7935,0.58,ALPHAGEO,0.7931
0.0255,0.3544,39,-0.7941,0.58,COFORGE,0.75
0.034,0.316,68,-0.7945,0.56,GREENLAM,0.7861
0.1623,0.4097,48,-0.7951,0.58,ABCOTS,0.7471
-0.0094,0.3186,52,-0.7953,0.58,KCPSUGIND,0.7543
0.0413,0.3417,53,-0.7953,0.58,GENUSPAPER,0.7861
0.0861,0.35,64,-0.7958,0.56,GENUSPOWER,0.7955
0.1337,0.3695,66,-0.7962,0.58,SHYAMCENT,0.7688
0.0354,0.3254,64,-0.7972,0.52,ADANIENSOL,0.7955
0.0263,0.3196,64,-0.7979,0.56,PRIMESECU,0.7861
-0.004,0.3204,54,-0.799,0.58,EQUITASBNK,0.7714
0.1579,0.4048,52,-0.7995,0.58,BLUEJET,0.7784
-0.0287,0.3024,59,-0.801,0.58,ESTER,0.7614
0.1794,0.3956,66,-0.8015,0.58,NOIDATOLL,0.7586
0.0204,0.3464,45,-0.8016,0.58,KALYANIFRG,0.8103
0.105,0.3709,58,-0.8025,0.58,MCL,0.8229
-0.0235,0.3153,52,-0.8026,0.58,CHOLAFIN,0.7714
0.1968,0.4165,58,-0.8029,0.58,ABINFRA,0.7184
0.0959,0.3663,58,-0.8033,0.58,NECCLTD,0.7931
-0.0287,0.3336,38,-0.8039,0.58,PAISALO,0.8523
0.0123,0.3258,58,-0.8041,0.58,COROMANDEL,0.7955
0.0585,0.3336,69,-0.8048,0.58,TCS,0.6989
0.3032,0.4563,68,-0.8048,0.52,HPAL,0.7471
0.0466,0.3318,66,-0.8056,0.56,JSL,0.8057
-0.0762,0.2936,50,-0.8079,0.56,HEXATRADEX,0.7803
-0.0007,0.3353,48,-0.8085,0.58,BAJAJCON,0.8171
0.0054,0.3478,42,-0.8095,0.58,OIL,0.7955
0.0989,0.3623,64,-0.8096,0.58,AVG,0.7126
0.3019,0.4446,77,-0.8099,0.54,CCCL,0.7168
0.0505,0.3517,55,-0.8101,0.58,SUVEN,0.76
0.1334,0.397,52,-0.8101,0.56,SHRIPISTON,0.7989
0.0641,0.3631,52,-0.8107,0.54,MIRZAINT,0.6971
0.0723,0.359,58,-0.8114,0.58,BOROLTD,0.72
0.057,0.3436,64,-0.8119,0.58,LOTUSDEV,0.7557
-0.0708,0.2754,66,-0.8123,0.58,SCHAND,0.7746
0.0171,0.349,46,-0.8124,0.58,WHIRLPOOL,0.7086
0.0608,0.3416,67,-0.8139,0.58,ARIHANTCAP,0.7371
-0.0083,0.3042,69,-0.815,0.58,BIKAJI,0.7414
0.099,0.3616,67,-0.8156,0.54,HEMIPROP,0.7314
-0.0421,0.3194,47,-0.8159,0.54,SUNDRMFAST,0.7931
0.1275,0.389,58,-0.8162,0.58,NEWGEN,0.7257
0.165,0.3994,64,-0.8167,0.58,ECLERX,0.7543
-0.0647,0.3032,51,-0.8168,0.58,NIVABUPA,0.76
-0.0428,0.3113,53,-0.8169,0.58,BSE,0.7543
-0.0124,0.3195,58,-0.818,0.58,ZOTA,0.7069
0.1406,0.4369,30,-0.8194,0.58,SWANDEF,0.8506
-0.0022,0.34,48,-0.8194,0.52,SYRMA,0.8286
-0.0161,0.3069,66,-0.8196,0.58,FIVESTAR,0.7471
0.049,0.3543,57,-0.8215,0.58,BORORENEW,0.7386
0.1374,0.3871,64,-0.8217,0.58,ROHLTD,0.7746
-0.0278,0.3223,52,-0.8218,0.56,ASHOKAMET,0.8046
-0.0029,0.3319,55,-0.8229,0.58,NAUKRI,0.75
0.0992,0.3786,58,-0.8229,0.58,PRAKASH,0.7443
0.0219,0.3561,47,-0.8238,0.58,CPPLUS,0.8125
0.1648,0.3971,68,-0.8247,0.54,PRECWIRE,0.7989
-0.0448,0.3106,55,-0.8249,0.58,WORTHPERI,0.8324
0.0433,0.3576,53,-0.8252,0.58,PAR,0.7977
0.2518,0.4483,63,-0.8259,0.58,SAMBHAAV,0.7701
0.0046,0.3309,59,-0.8267,0.58,SUDARCOLOR,0.7529
0.1743,0.4139,60,-0.8269,0.58,IL&FSTRANS,0.7514
0.0933,0.3506,76,-0.8275,0.58,DPWIRES,0.7283
-0.0206,0.3352,48,-0.8281,0.56,LGBBROSLTD,0.7829
0.0811,0.3832,50,-0.8281,0.58,TINNARUBR,0.7429
0.2994,0.4575,74,-0.8282,0.54,VIVIDHA,0.6897
-0.0525,0.3081,56,-0.8287,0.58,RPGLIFE,0.7714
0.084,0.3674,62,-0.829,0.56,ORIENTLTD,0.7759
-0.03,0.322,54,-0.8292,0.56,GANESHHOU,0.7644
0.019,0.3514,51,-0.8311,0.58,RAMANEWS,0.7977
0.0085,0.3595,42,-0.8311,0.56,COMPUSOFT,0.7931
0.0415,0.3547,57,-0.8317,0.58,AMNPLST,0.7356
0.0598,0.3578,62,-0.832,0.58,VRAJ,0.7216
-0.0086,0.3362,53,-0.8324,0.58,ASTRAL,0.7771
-0.002,0.3425,51,-0.8326,0.58,KSB,0.76
0.4789,0.5773,56,-0.8366,0.58,ASMS,0.7586
0.0025,0.356,44,-0.8366,0.56,THEJO,0.7572
0.1317,0.3923,64,-0.8367,0.56,ESSARSHPNG,0.7471
-0.0554,0.3417,34,-0.837,0.58,IMPEXFERRO,0.815
0.0605,0.4012,34,-0.8391,0.58,GAYAPROJ,0.8971
0.3061,0.4786,66,-0.8396,0.58,SOUTHWEST,0.7943
0.1559,0.4265,50,-0.8399,0.58,BALAJITELE,0.7429
0.0276,0.3331,70,-0.841,0.58,BSL,0.7399
0.0767,0.384,53,-0.842,0.56,KRN,0.767
0.3109,0.4793,68,-0.842,0.58,PVSL,0.7771
0.0196,0.3446,60,-0.8431,0.58,SIGIND,0.815
-0.054,0.3202,52,-0.8437,0.58,PHOENIXLTD,0.7471
0.2111,0.4466,57,-0.845,0.58,DEEDEV,0.8343
0.094,0.4127,40,-0.8451,0.58,MOTISONS,0.7557
0.0293,0.3368,70,-0.8454,0.58,MODIRUBBER,0.7759
-0.0547,0.3079,62,-0.8475,0.58,ABSLAMC,0.7657
0.0531,0.379,50,-0.8478,0.56,SMARTLINK,0.8171
-0.0104,0.3407,55,-0.8481,0.54,PREMIERENE,0.7898
0.0907,0.3857,58,-0.8484,0.58,JASH,0.815
0.0533,0.3515,69,-0.8491,0.56,DCM,0.7283
-0.0458,0.3329,48,-0.8495,0.58,CENTURYPLY,0.7644
-0.0267,0.323,62,-0.8498,0.58,GENCON,0.8229
0.0221,0.3579,55,-0.85,0.58,EUREKAFORB,0.6932
-0.0139,0.3324,60,-0.8501,0.58,LTFOODS,0.8
-0.0474,0.3258,53,-0.8504,0.58,NATCOPHARM,0.7314
-0.023,0.3271,61,-0.8514,0.58,BLAL,0.7429
-0.0455,0.3213,58,-0.8548,0.58,MUTHOOTCAP,0.7471
0.0344,0.3587,60,-0.8553,0.58,GHCLTEXTIL,0.7989
0.1363,0.4255,50,-0.8567,0.58,ZUARI,0.7102
0.0454,0.3397,78,-0.8594,0.58,ZENITHEXPO,0.7341
0.2817,0.4827,62,-0.8598,0.58,QUICKHEAL,0.7273
0.1257,0.3967,67,-0.8602,0.58,SASKEN,0.7126
0.053,0.3796,54,-0.8604,0.58,TRF,0.7943
-0.0224,0.3336,60,-0.8611,0.58,INOXGREEN,0.76
0.0348,0.38,48,-0.8616,0.56,CEMPRO,0.733
0.1436,0.4132,63,-0.8617,0.58,ABREL,0.7443
-0.0049,0.3347,66,-0.8628,0.58,CUMMINSIND,0.7886
0.1058,0.402,58,-0.8631,0.58,HCL-INSYS,0.7386
0.0872,0.3854,63,-0.8645,0.58,AFFORDABLE,0.7471
0.0078,0.3628,52,-0.8655,0.58,SKYGOLD,0.8125
-0.0561,0.3306,52,-0.8659,0.58,TATACOMM,0.76
0.0284,0.3635,58,-0.8663,0.58,VHLTD,0.8382
0.2049,0.4473,62,-0.8669,0.58,LAXMIINDIA,0.7371
0.0677,0.3751,64,-0.8675,0.58,HLVLTD,0.7168
-0.02,0.3418,58,-0.8683,0.56,UNOMINDA,0.7898
0.0852,0.3932,59,-0.8688,0.58,ZEEL,0.7443
0.0033,0.3537,58,-0.8717,0.58,SURANAT&P,0.7572
0.0361,0.3587,67,-0.8717,0.52,UNICHEMLAB,0.6989
0.0333,0.3643,62,-0.8724,0.58,HLEGLAS,0.7486
0.142,0.4136,66,-0.8727,0.58,JSFB,0.7614
0.1207,0.4171,56,-0.8727,0.58,DBEIL,0.7159
0.1355,0.4099,66,-0.8729,0.58,HUBTOWN,0.7314
0.0556,0.3746,63,-0.8735,0.56,ZEELEARN,0.7486
0.1231,0.4084,63,-0.8736,0.58,GTLINFRA,0.7086
-0.0129,0.3709,42,-0.8748,0.58,BLUESTONE,0.7486
0.1565,0.4165,70,-0.8754,0.56,ALMONDZ,0.7727
0.1113,0.433,42,-0.876,0.58,GOYALALUM,0.8324
0.0771,0.3641,79,-0.8769,0.58,FINOPB,0.72
0.1479,0.4425,49,-0.8771,0.52,PNCINFRA,0.7314
0.0125,0.3587,60,-0.8783,0.58,PATINTLOG,0.7341
0.0782,0.3791,70,-0.8811,0.56,CORALFINAC,0.8103
0.1308,0.413,65,-0.883,0.58,MADHUCON,0.7399
-0.0519,0.3342,57,-0.8831,0.56,TRITURBINE,0.72
0.1001,0.4069,59,-0.8842,0.58,PRECOT,0.7861
0.1633,0.4171,74,-0.8849,0.58,NEXTMEDIA,0.7399
0.0241,0.3859,48,-0.8856,0.58,AYMSYNTEX,0.8103
-0.052,0.3175,70,-0.8859,0.58,SANDUMA,0.7216
0.0861,0.4022,58,-0.886,0.58,IL&FSENGG,0.7919
-0.0784,0.3163,61,-0.8862,0.58,MEGASTAR,0.8333
0.0321,0.3703,62,-0.8877,0.52,DEN,0.7457
0.0576,0.3962,54,-0.8891,0.58,DYCL,0.8057
0.0782,0.4035,56,-0.8897,0.58,CPCAP,0.7644
0.0223,0.3817,52,-0.8898,0.58,RHFL,0.7143
0.1257,0.4109,67,-0.8898,0.56,SOMATEX,0.6994
-0.0823,0.3401,45,-0.8904,0.58,TECHM,0.7386
0.0512,0.3887,58,-0.8909,0.58,SOLARA,0.7784
0.0587,0.3983,54,-0.8923,0.58,KERNEX,0.7943
-0.0561,0.3502,48,-0.8928,0.58,NATIONALUM,0.7557
-0.0375,0.3535,52,-0.8931,0.58,MUKANDLTD,0.7486
-0.0294,0.3484,58,-0.8939,0.58,GEECEE,0.7746
-0.0484,0.3281,66,-0.8953,0.58,DANGEE,0.7457
0.0677,0.4093,50,-0.8955,0.58,TIRUPATIFL,0.8266
-0.0756,0.3216,62,-0.896,0.56,HCG,0.7371
0.0317,0.3894,52,-0.8966,0.58,DJML,0.8563
-0.0754,0.3031,74,-0.8967,0.56,STEELCITY,0.7442
-0.0062,0.3743,50,-0.8985,0.56,INDOTECH,0.7816
-0.0544,0.3625,42,-0.9,0.58,PRUDENT,0.7471
0.0778,0.4123,54,-0.901,0.58,AAVAS,0.7429
-0.0373,0.3733,41,-0.9011,0.58,DCMSHRIRAM,0.7257
0.0165,0.3765,57,-0.9013,0.56,CCHHL,0.7283
0.0519,0.3781,69,-0.9013,0.58,JNKINDIA,0.8057
0.0564,0.4004,55,-0.9015,0.58,VOLTAMP,0.7943
0.0436,0.3891,60,-0.906,0.56,VASCONEQ,0.7029
-0.0719,0.3622,39,-0.9083,0.58,UYFINCORP,0.8161
0.0276,0.3794,62,-0.9084,0.54,SANATHAN,0.7714
0.2094,0.4513,75,-0.9089,0.58,ABMINTLLTD,0.7471
-0.0709,0.3519,47,-0.9097,0.58,PDSL,0.7241
0.0879,0.4053,66,-0.9101,0.58,INTELLECT,0.7443
-0.0204,0.3677,54,-0.9102,0.58,ONELIFECAP,0.8457
0.1401,0.4481,54,-0.9104,0.58,RADIANTCMS,0.7829
-0.0133,0.3642,59,-0.9113,0.58,RPPL,0.7759
0.1491,0.4393,63,-0.9116,0.58,AGRITECH,0.763
-0.0299,0.3502,64,-0.9141,0.58,RADHIKAJWE,0.7414
-0.0048,0.3455,76,-0.9142,0.56,PALASHSECU,0.7356
0.0309,0.382,64,-0.9149,0.58,UNIECOM,0.7386
-0.0187,0.3693,55,-0.9153,0.56,DALMIASUG,0.7241
0.2521,0.4966,61,-0.9154,0.58,ONIDA,0.7486
0.0444,0.3993,56,-0.916,0.58,SUPRIYA,0.7919
-0.0334,0.3679,53,-0.9198,0.58,MANAPPURAM,0.7727
0.0933,0.4096,68,-0.9201,0.58,VGL,0.7314
0.0756,0.4119,60,-0.9206,0.58,OMAXAUTO,0.7701
0.1717,0.4465,69,-0.9207,0.58,VISHWARAJ,0.7514
0.0643,0.398,66,-0.9214,0.58,ATAM,0.7586
-0.0242,0.3649,58,-0.9217,0.58,ATLASCYCLE,0.7803
0.0492,0.3896,68,-0.9232,0.58,KMEW,0.7898
0.0172,0.3959,52,-0.925,0.58,ROSSELLIND,0.8035
0.0157,0.3979,51,-0.9251,0.58,ASIANPAINT,0.767
0.0039,0.3802,59,-0.9261,0.56,ARFIN,0.7816
-0.0533,0.3637,51,-0.9263,0.58,UJJIVANSFB,0.7714
-0.0509,0.3593,56,-0.9294,0.58,HNDFDS,0.7829
0.0543,0.4151,54,-0.932,0.58,SUPREMEINF,0.7861
-0.0523,0.3616,55,-0.9336,0.58,VHL,0.8046
0.2134,0.4805,66,-0.9351,0.5,ELECON,0.6932
-0.0772,0.3555,51,-0.9357,0.58,AMBICAAGAR,0.815
-0.0698,0.3324,70,-0.9358,0.58,HPIL,0.7471
0.249,0.5088,59,-0.9391,0.58,BGRENERGY,0.7225
-0.0374,0.3799,50,-0.94,0.58,HERITGFOOD,0.7314
0.0397,0.3834,74,-0.9409,0.58,MAXIND,0.7225
0.0874,0.4144,70,-0.9415,0.58,PVP,0.7543
-0.079,0.353,55,-0.9422,0.58,CCL,0.7714
-0.0355,0.3668,62,-0.9453,0.58,GTL,0.733
-0.0445,0.3829,47,-0.9454,0.58,NAHARSPING,0.7816
-0.059,0.3704,51,-0.9463,0.58,ASTRAZEN,0.7356
0.0402,0.4024,63,-0.9466,0.58,CAPTRUST,0.8092
0.0448,0.4169,55,-0.948,0.58,LANCORHOL,0.7919
0.0664,0.4462,43,-0.9488,0.58,HEXT,0.7429
-0.0164,0.3947,50,-0.9495,0.58,3PLAND,0.8161
0.171,0.4609,70,-0.9508,0.56,ISHANCH,0.7714
0.0434,0.4062,64,-0.9519,0.58,SMLT,0.72
0.0277,0.394,67,-0.9529,0.58,TARACHAND,0.7529
0.0722,0.4353,54,-0.9536,0.54,ODIGMA,0.7299
0.1375,0.4829,44,-0.954,0.58,KHADIM,0.76
-0.0771,0.3845,38,-0.9552,0.58,MATRIMONY,0.7931
-0.0709,0.353,62,-0.956,0.58,KAUSHALYA,0.7688
0.1813,0.4725,67,-0.9563,0.58,ELIN,0.6954
0.0622,0.426,58,-0.9565,0.58,ARCHIDPLY,0.7529
-0.0615,0.3554,64,-0.9574,0.56,CREST,0.7803
-0.0631,0.3902,40,-0.9585,0.58,ARROWGREEN,0.7816
-0.0259,0.3913,53,-0.9592,0.58,POONAWALLA,0.7386
0.039,0.4171,58,-0.9618,0.58,RATNAMANI,0.7414
-0.0332,0.3912,52,-0.9633,0.58,MCX,0.8182
0.057,0.4068,72,-0.9635,0.58,TOUCHWOOD,0.7184
-0.0067,0.3934,60,-0.964,0.58,HINDZINC,0.75
-0.0332,0.3942,50,-0.9645,0.58,ORCHPHARMA,0.76
-0.0521,0.3829,51,-0.9646,0.58,SATIN,0.8046
0.0918,0.4589,48,-0.9647,0.58,SGL,0.7688
0.0689,0.4251,64,-0.9652,0.58,JITFINFRA,0.7126
-0.0085,0.3899,62,-0.9654,0.56,TSFINV,0.7257
-0.0731,0.3706,54,-0.9685,0.58,TVTODAY,0.7314
-0.0735,0.384,44,-0.9686,0.58,ADROITINFO,0.8382
-0.0862,0.3728,48,-0.969,0.52,INDOBORAX,0.7314
0.2238,0.5157,57,-0.9705,0.56,VPRPL,0.6971
0.1229,0.4577,62,-0.9706,0.58,BASML,0.7701
-0.0612,0.3565,68,-0.9708,0.58,JAYAGROGN,0.7399
0.0126,0.3898,71,-0.9709,0.58,LGHL,0.7126
0.0754,0.4317,64,-0.9719,0.58,PENIND,0.7586
-0.0505,0.3884,51,-0.9722,0.58,PNGJL,0.7273
0.2267,0.5033,68,-0.9731,0.52,ANTELOPUS,0.7386
0.0629,0.4576,42,-0.9737,0.58,RADIOCITY,0.8324
-0.0618,0.3785,54,-0.9739,0.56,KCP,0.6954
-0.0447,0.3856,56,-0.9759,0.58,SURAKSHA,0.7829
-0.0124,0.3808,71,-0.9767,0.58,CSBBANK,0.7371
0.1143,0.4566,62,-0.977,0.56,LORDSCHLO,0.7529
-0.0238,0.3888,62,-0.9775,0.58,BLACKBUCK,0.7614
0.0218,0.4082,65,-0.9792,0.58,RAYMONDLSL,0.6932
0.0085,0.4072,60,-0.9794,0.56,DICIND,0.8266
-0.0757,0.4076,31,-0.9796,0.58,INDIGOPNTS,0.7086
0.093,0.4334,72,-0.9807,0.58,CELEBRITY,0.7874
-0.0268,0.3831,65,-0.9808,0.58,HINDWAREAP,0.7052
-0.0748,0.3579,66,-0.9813,0.58,MMP,0.7861
0.0459,0.4114,72,-0.9839,0.56,NATCAPSUQ,0.7299
0.0277,0.434,50,-0.984,0.58,UNIVPHOTO,0.8046
-0.0567,0.3685,67,-0.9852,0.58,JMFINANCIL,0.7257
0.0297,0.3955,79,-0.9857,0.52,SYNGENE,0.6705
-0.0691,0.3931,46,-0.9868,0.58,JSWDULUX,0.7886
-0.023,0.3791,72,-0.9869,0.58,SAKHTISUG,0.7486
-0.0918,0.3542,65,-0.988,0.58,QMSMEDI,0.7283
0.0698,0.4477,58,-0.9903,0.56,VIRINCHI,0.7216
-0.0265,0.382,70,-0.9905,0.58,NILAINFRA,0.6743
0.2281,0.5176,64,-0.9911,0.58,AVONMORE,0.7356
-0.0318,0.4101,49,-0.9912,0.56,RPTECH,0.8182
-0.0538,0.3911,54,-0.9921,0.58,WIPL,0.8035
-0.0927,0.401,34,-0.9924,0.58,ETHOSLTD,0.7586
-0.0552,0.3821,61,-0.9927,0.56,RENUKA,0.7102
-0.0764,0.3853,51,-0.9928,0.58,SIYSIL,0.76
0.2013,0.4943,72,-0.9931,0.58,CAMLINFINE,0.72
0.0403,0.4495,47,-0.9931,0.56,KOTYARK,0.7829
0.0889,0.4558,61,-0.9961,0.56,XPROINDIA,0.767
0.1136,0.4682,60,-0.9963,0.58,KARMAENG,0.7341
0.137,0.4876,56,-0.9973,0.56,ARIS,0.733
-0.0589,0.3908,56,-1.0004,0.58,ROLEXRINGS,0.76
-0.0642,0.3794,63,-1.0019,0.58,BHARATSE,0.75
0.0897,0.4917,38,-1.0029,0.56,AAKASH,0.8276
0.0347,0.4206,69,-1.0035,0.58,THOMASCOTT,0.7143
0.2491,0.5327,66,-1.0049,0.58,BELLACASA,0.7429
-0.0445,0.396,60,-1.0069,0.56,SANSTAR,0.7784
-0.1043,0.3822,49,-1.0112,0.54,DIAMONDYD,0.7733
-0.0299,0.4056,60,-1.0126,0.58,GLOBECIVIL,0.7486
0.0738,0.4511,64,-1.0132,0.54,SALONA,0.8208
0.3206,0.5541,79,-1.0134,0.58,INFOBEAN,0.6971
0.0182,0.4253,64,-1.0141,0.58,PANACEABIO,0.7216
0.0882,0.4506,70,-1.0142,0.58,HGM,0.7644
-0.0703,0.3884,59,-1.0178,0.58,DHANUKA,0.7514
-0.0957,0.3888,51,-1.0189,0.58,THELEELA,0.8057
-0.0566,0.4056,53,-1.0191,0.56,BOROSCI,0.7314
-0.018,0.434,47,-1.0194,0.56,INFY,0.6818
-0.0152,0.4169,60,-1.0204,0.56,GALAPREC,0.7714
-0.0414,0.4012,62,-1.0218,0.58,CINEVISTA,0.7701
0.0594,0.4492,64,-1.0219,0.58,GTPL,0.7771
0.0215,0.4504,50,-1.0221,0.58,SARVESHWAR,0.6971
0.2207,0.5243,69,-1.0261,0.58,REPL,0.7126
0.1123,0.487,58,-1.0292,0.58,PFOCUS,0.7572
-0.0194,0.4114,65,-1.03,0.58,BTML,0.7341
-0.0517,0.413,53,-1.03,0.58,JOCIL,0.7759
0.0275,0.4391,62,-1.031,0.56,ZODIAC,0.7267
-0.0885,0.3919,56,-1.0313,0.58,PATANJALI,0.75
0.0505,0.4288,78,-1.0313,0.58,WEWIN,0.7471
0.0551,0.4552,62,-1.0325,0.58,JINDRILL,0.7086
0.1394,0.4922,66,-1.0358,0.58,AARON,0.7803
-0.0938,0.4049,46,-1.0358,0.58,GCSL,0.8218
0.0881,0.4533,76,-1.0382,0.56,TFL,0.7457
0.0839,0.4556,73,-1.0383,0.58,BANKA,0.7457
0.0428,0.4456,66,-1.0391,0.58,PRITI,0.7514
0.0696,0.4843,50,-1.0428,0.58,DPSCLTD,0.7989
-0.073,0.4172,48,-1.0444,0.58,MARKSANS,0.7886
0.1024,0.4856,62,-1.047,0.58,CHEMBOND,0.7644
0.11,0.4984,56,-1.0487,0.58,INTENTECH,0.7457
0.061,0.4452,76,-1.0491,0.58,ARVEE,0.6994
-0.0212,0.4408,52,-1.0505,0.58,TRENT,0.7273
-0.0462,0.4281,52,-1.0518,0.56,MANGALAM,0.7874
-0.0314,0.4148,67,-1.0535,0.56,SPAL,0.7701
-0.0582,0.4263,51,-1.0557,0.58,HCLTECH,0.733
-0.0821,0.4195,48,-1.0583,0.58,AFIL,0.7143
0.0797,0.4854,59,-1.0617,0.58,SHIVAMILLS,0.7919
-0.091,0.4211,45,-1.0618,0.58,KOTARISUG,0.8114
0.0382,0.4681,58,-1.0628,0.56,TARIL,0.733
0.0456,0.4646,63,-1.0637,0.58,SHARDACROP,0.72
0.0111,0.4457,64,-1.0643,0.58,LIKHITHA,0.7356
-0.0075,0.4394,62,-1.0645,0.58,GRMOVER,0.7586
-0.0504,0.4397,48,-1.0663,0.52,WELSPUNLIV,0.7955
0.0288,0.4541,66,-1.0679,0.58,GLOBALE,0.8457
-0.0045,0.4583,52,-1.0688,0.58,SHAILY,0.7727
-0.0162,0.4335,65,-1.0689,0.56,CARTRADE,0.7257
0.0895,0.4817,68,-1.0694,0.58,EMAMIREAL,0.7011
-0.033,0.4309,61,-1.0702,0.58,LOVABLE,0.7356
-0.0539,0.4168,64,-1.0725,0.58,HITECHGEAR,0.7688
0.135,0.5135,63,-1.0731,0.58,RAJTV,0.7184
-0.0273,0.4303,65,-1.0736,0.58,POKARNA,0.6743
0.0121,0.4619,57,-1.0745,0.58,AKSHAR,0.7371
-0.0588,0.4228,60,-1.0769,0.58,MKPL,0.7931
-0.0346,0.4332,62,-1.0781,0.54,SPLPETRO,0.7029
-0.0562,0.4186,64,-1.0783,0.58,SHRADHA,0.7688
-0.1032,0.4154,50,-1.0786,0.58,ALANKIT,0.7803
-0.1096,0.3778,74,-1.0791,0.58,MEDPLUS,0.7572
0.084,0.4983,58,-1.0792,0.58,SIKKO,0.7414
0.0605,0.4782,64,-1.0798,0.54,KHAICHEM,0.7069
-0.1235,0.4062,51,-1.0824,0.58,PGIL,0.7126
0.1749,0.5517,54,-1.0828,0.58,TRIVENI,0.8171
-0.0209,0.4308,71,-1.0842,0.58,PARACABLES,0.75
0.0768,0.4887,64,-1.0855,0.58,DTIL,0.7514
0.0028,0.4796,45,-1.0863,0.58,HMVL,0.8208
-0.111,0.4159,50,-1.0866,0.58,ROML,0.7989
0.0759,0.4914,63,-1.0878,0.52,FAZE3Q,0.7529
0.6488,0.8098,42,-1.0908,0.52,FILATFASH,0.8057
0.3134,0.6265,53,-1.0918,0.58,PRAXIS,0.6954
0.0238,0.4686,62,-1.0926,0.58,MANUGRAPH,0.7399
-0.0223,0.4647,50,-1.0962,0.58,AROGRANITE,0.7688
-0.0415,0.4542,53,-1.1032,0.58,INSPIRISYS,0.7919
-0.002,0.4619,62,-1.1049,0.58,TIPSFILMS,0.7283
-0.0038,0.4648,62,-1.1105,0.58,INDOUS,0.7371
-0.0449,0.45,58,-1.1117,0.58,CUBEXTUB,0.7241
-0.1003,0.4091,67,-1.1121,0.56,CYBERMEDIA,0.763
-0.067,0.4396,58,-1.1128,0.56,BODALCHEM,0.7529
0.4564,0.7136,50,-1.1138,0.56,VLEGOV,0.7429
-0.0239,0.4554,64,-1.1164,0.54,BCG,0.6875
-0.0874,0.4196,66,-1.1173,0.58,KKCL,0.7572
0.1593,0.5426,68,-1.1202,0.58,RSSOFTWARE,0.6686
0.0564,0.4846,72,-1.121,0.54,KREBSBIO,0.7225
-0.122,0.4366,44,-1.1215,0.58,JAGSNPHARM,0.7816
0.0107,0.4654,70,-1.1223,0.58,CHEMFAB,0.815
0.1494,0.5514,60,-1.1239,0.58,RGL,0.8068
0.1454,0.5606,53,-1.1281,0.58,GANGAFORGE,0.7471
0.1599,0.5689,52,-1.1282,0.56,RACE,0.8208
0.2861,0.6234,59,-1.1301,0.58,BETA,0.7989
0.0374,0.5034,56,-1.1303,0.58,PROZONER,0.7586
-0.4772,0.2436,7,-1.1311,0.5,ANDREWYU,0.5238
-0.0666,0.4903,30,-1.1329,0.58,KAPSTON,0.8571
-0.0438,0.4619,58,-1.1333,0.58,SENCO,0.7429
-0.1265,0.4202,59,-1.1375,0.5,YASHO,0.7688
0.0339,0.4968,62,-1.1389,0.52,VIVIANA,0.7168
-0.0795,0.4575,50,-1.139,0.58,MAHASTEEL,0.7919
0.1879,0.585,55,-1.1393,0.58,TERASOFT,0.7314
0.0703,0.5254,56,-1.1423,0.58,TREL,0.815
-0.0313,0.4857,49,-1.1442,0.58,DCI,0.7572
-0.1205,0.4395,51,-1.1444,0.58,APOLLOPIPE,0.7557
-0.1129,0.4567,42,-1.1456,0.58,IDFCFIRSTB,0.7898
-0.0944,0.4546,50,-1.1473,0.58,KOHINOOR,0.7471
-0.0485,0.4697,56,-1.1478,0.58,MAXESTATES,0.7543
0.0424,0.5006,66,-1.1485,0.56,ARTNIRMAN,0.7529
-0.0193,0.4642,70,-1.1499,0.58,INNOVANA,0.7341
-0.047,0.4801,50,-1.1508,0.58,SATIA,0.7126
-0.1449,0.4393,45,-1.1521,0.58,AETHER,0.8343
0.0265,0.5131,53,-1.1521,0.58,OILCOUNTUB,0.7529
-0.0134,0.4724,68,-1.1536,0.56,NAGREEKEXP,0.7241
-0.0747,0.4567,58,-1.1538,0.58,JUBLPHARMA,0.76
-0.0962,0.453,53,-1.1545,0.58,DIGISPICE,0.8103
-0.0469,0.462,64,-1.1559,0.58,SRGHFL,0.7572
0.0646,0.5156,66,-1.1563,0.58,MUKTAARTS,0.7414
0.012,0.4929,63,-1.1569,0.58,GUJRAFFIA,0.7674
0.0419,0.4966,73,-1.1598,0.58,RKEC,0.6914
-0.1121,0.441,58,-1.1616,0.58,GARFIBRES,0.7399
-0.0938,0.4529,57,-1.1626,0.58,BERGEPAINT,0.7086
-0.0451,0.4974,43,-1.1628,0.58,DCMNVL,0.8057
-0.0365,0.4863,54,-1.1635,0.58,PARADEEP,0.7543
0.2221,0.585,76,-1.165,0.56,XTGLOBAL,0.76
-0.0121,0.4982,56,-1.1677,0.58,IRMENERGY,0.733
0.2487,0.61,68,-1.1677,0.58,SUMIT,0.711
-0.139,0.4342,57,-1.1703,0.56,ZFCVINDIA,0.6629
0.0145,0.5019,63,-1.1713,0.58,MHLXMIRU,0.7919
-0.0524,0.4816,55,-1.1727,0.58,MPHASIS,0.7314
-0.0317,0.4925,56,-1.1766,0.58,AWHCL,0.6743
-0.0109,0.5001,58,-1.1778,0.58,ANIKINDS,0.7931
-0.0937,0.4497,65,-1.1788,0.58,GODAVARIB,0.6686
0.1208,0.5813,48,-1.179,0.58,PRABHA,0.7657
0.1343,0.5697,61,-1.1814,0.58,LOYALTEX,0.7283
-0.0801,0.4601,64,-1.182,0.58,TEMBO,0.7727
0.2194,0.5967,73,-1.1838,0.56,SUPREME,0.6782
0.0914,0.5633,52,-1.1846,0.54,INDOWIND,0.7414
-0.035,0.4975,54,-1.1861,0.58,TNTELE,0.8208
-0.0433,0.4765,67,-1.1865,0.58,AIIL,0.7045
0.3151,0.6545,67,-1.1866,0.58,HILTON,0.7126
-0.1136,0.453,59,-1.1882,0.58,MOTOGENFIN,0.7657
-0.14,0.4496,52,-1.1896,0.58,EMMBI,0.763
0.0247,0.5378,48,-1.1896,0.58,SVPGLOB,0.7572
-0.0328,0.4933,63,-1.1984,0.58,MUTHOOTFIN,0.733
0.0025,0.5119,62,-1.1985,0.56,RVTH,0.7429
-0.1014,0.4707,54,-1.1989,0.58,AIROLAM,0.7861
0.628,0.838,53,-1.1995,0.54,SADHNANIQ,0.7829
-0.0651,0.5009,46,-1.1999,0.58,CNL,0.7919
-0.0072,0.5074,63,-1.201,0.58,PLATIND,0.7273
-0.1034,0.467,57,-1.2011,0.56,MEDICO,0.7701
0.0759,0.5247,81,-1.205,0.58,GATECH,0.7486
-0.0675,0.4871,58,-1.2065,0.58,SHOPERSTOP,0.7557
-0.1234,0.4439,68,-1.2066,0.56,LINC,0.7126
0.0786,0.5503,64,-1.2069,0.58,BOHRAIND,0.7399
-0.0755,0.4637,72,-1.2086,0.58,GMRP&UI,0.7257
-0.0958,0.4704,60,-1.209,0.58,LPDC,0.7874
0.052,0.5358,66,-1.2104,0.56,PRUDMOULI,0.7457
-0.0324,0.5031,60,-1.2109,0.58,ACCURACY,0.7471
-0.1172,0.4796,48,-1.2144,0.58,BALPHARMA,0.7874
-0.0631,0.4735,71,-1.2153,0.52,PANSARI,0.7168
-0.0419,0.5107,54,-1.2176,0.58,SRM,0.7371
0.0282,0.5285,66,-1.2195,0.58,SHEMAROO,0.763
-0.127,0.469,54,-1.2202,0.58,SNOWMAN,0.7069
-0.0207,0.5175,58,-1.2224,0.58,TTL,0.8218
-0.1363,0.4659,54,-1.2224,0.58,SINCLAIR,0.7714
-0.1195,0.4725,56,-1.2263,0.58,BANARBEADS,0.815
-0.0438,0.5159,52,-1.2268,0.58,AKASH,0.8081
-0.0204,0.5185,61,-1.2316,0.58,AEROENTER,0.7543
-0.0043,0.5241,62,-1.2317,0.58,SIMPLEXINF,0.6994
-0.0851,0.4742,70,-1.2335,0.58,CPEDU,0.72
-0.1008,0.4731,66,-1.2355,0.58,THOMASCOOK,0.64
-0.0449,0.5293,46,-1.2357,0.58,NINSYS,0.8448
0.0955,0.5918,52,-1.2375,0.56,ESSENTIA,0.6897
0.0525,0.5658,55,-1.2391,0.58,LASA,0.75
-0.0634,0.5111,54,-1.2408,0.58,BIOFILCHEM,0.7989
-0.066,0.5116,54,-1.2443,0.58,SETUINFRA,0.7586
-0.1318,0.4771,56,-1.2478,0.58,HDIL,0.711
0.0837,0.5863,55,-1.2478,0.58,FMNL,0.7688
-0.0119,0.5246,66,-1.2497,0.56,BHAGYANGR,0.7829
-0.0255,0.504,75,-1.2502,0.56,TOKYOPLAST,0.7225
-0.1053,0.4922,57,-1.2517,0.58,MHRIL,0.6364
-0.0298,0.5192,64,-1.2521,0.58,LAXMICOT,0.7184
-0.0045,0.5348,62,-1.2522,0.58,DAMODARIND,0.7759
-0.0117,0.5486,50,-1.2535,0.58,SELMC,0.7341
0.1594,0.6131,65,-1.2547,0.58,MAHAPEXLTD,0.7514
0.1625,0.6237,60,-1.2562,0.58,JHS,0.7314
-0.0718,0.4997,65,-1.2569,0.56,SAKUMA,0.7086
-0.0874,0.5076,54,-1.2587,0.58,SAGARDEEP,0.7803
0.2063,0.6539,56,-1.2633,0.58,CTE,0.7919
0.0843,0.5902,60,-1.2685,0.56,SHRENIK,0.7471
-0.1153,0.505,50,-1.2689,0.58,ARMANFIN,0.7816
0.0038,0.5508,60,-1.2712,0.54,BIL,0.7861
-0.1139,0.4753,72,-1.2726,0.58,ELDEHSG,0.7514
0.0816,0.5724,74,-1.2746,0.5,BLUSPRING,0.7314
0.0381,0.6021,38,-1.2753,0.58,AUSOMENT,0.8391
0.0244,0.588,46,-1.2846,0.58,GICL,0.815
0.4577,0.8016,50,-1.29,0.56,INDOTHAI,0.7283
-0.1285,0.4845,67,-1.2911,0.58,DELTAMAGNT,0.7803
-0.1275,0.4879,66,-1.2929,0.58,MARATHON,0.6897
-0.0718,0.5393,50,-1.2933,0.58,REDTAPE,0.7886
-0.1206,0.5119,52,-1.2948,0.58,SGIL,0.815
-0.1673,0.4831,57,-1.2955,0.54,UGARSUGAR,0.7727
0.0153,0.5562,70,-1.2994,0.56,MOKSH,0.6763
-0.1123,0.5109,58,-1.2999,0.58,IONEXCHANG,0.7257
-0.0678,0.5422,52,-1.3007,0.58,KALYANKJIL,0.7714
-0.0307,0.5431,66,-1.3054,0.58,ELGIRUBCO,0.7714
-0.0287,0.5527,60,-1.3064,0.58,DPABHUSHAN,0.7184
-0.1384,0.4905,67,-1.3118,0.58,UFO,0.7356
-0.0977,0.5155,64,-1.3126,0.58,ANMOL,0.7931
-0.0805,0.5256,63,-1.3138,0.58,MADHAV,0.7399
0.0208,0.5785,62,-1.3154,0.58,AARTECH,0.7341
-0.0007,0.5534,72,-1.3155,0.54,MASKINVEST,0.7803
-0.0317,0.5751,48,-1.319,0.58,ADFFOODS,0.7314
-0.1159,0.5265,52,-1.3192,0.58,SBGLP,0.7919
-0.0142,0.5525,72,-1.3261,0.58,JSLL,0.7069
-0.1169,0.5169,63,-1.3297,0.58,SYNCOMF,0.733
-0.1128,0.5196,62,-1.3312,0.58,KRITI,0.7572
-0.0811,0.5501,52,-1.3316,0.56,LAL,0.7457
0.1636,0.6909,40,-1.3325,0.58,RMDRIP,0.8057
-0.0729,0.5647,46,-1.3331,0.58,INDORAMA,0.7273
-0.1167,0.5303,55,-1.3355,0.58,DBOL,0.7701
-0.061,0.5495,62,-1.3361,0.58,HINDOILEXP,0.7443
-0.0591,0.5784,45,-1.3438,0.58,BAGFILMS,0.7841
0.044,0.6031,64,-1.344,0.56,VEDL,0.7784
-0.0138,0.6102,38,-1.344,0.58,GLFL,0.6532
-0.1247,0.5251,59,-1.3454,0.58,BSHSL,0.7977
-0.0923,0.5471,56,-1.3483,0.58,ASIANHOTNR,0.8092
-0.0675,0.5451,67,-1.3513,0.58,GLOBALVECT,0.6705
-0.1324,0.5155,66,-1.3519,0.58,AJOONI,0.7371
0.0277,0.5916,70,-1.3555,0.58,AVROIND,0.7314
-0.0477,0.5837,49,-1.3567,0.56,INDTERRAIN,0.7399
-0.0441,0.562,67,-1.3618,0.58,PPAP,0.7341
-0.1613,0.4973,72,-1.3627,0.58,GLOBAL,0.7471
-0.0188,0.5925,56,-1.3648,0.58,SRD,0.7644
-0.1677,0.5184,57,-1.3683,0.58,UNIENTER,0.7414
-0.1106,0.5631,49,-1.3784,0.58,SIL,0.8035
-0.1643,0.5327,53,-1.3828,0.58,PYRAMID,0.7341
-0.1131,0.571,45,-1.3845,0.58,MANORG,0.7299
-0.1668,0.5272,59,-1.3917,0.58,GANGESSECU,0.7803
-0.1699,0.5375,52,-1.3944,0.58,SUNDARAM,0.7644
-0.123,0.5627,52,-1.396,0.58,STYLEBAAZA,0.75
-0.0365,0.609,50,-1.3974,0.58,BHANDARI,0.7543
-0.1589,0.5302,63,-1.4015,0.58,GINNIFILA,0.711
-0.0292,0.5763,77,-1.4018,0.58,ZAGGLE,0.6971
-0.1346,0.5491,59,-1.4023,0.58,SIGMA,0.6897
-0.1335,0.5699,46,-1.4039,0.58,ATHERENERG,0.7898
0.1703,0.7252,43,-1.4043,0.58,KSHITIJPOL,0.7688
-0.1585,0.5669,39,-1.4051,0.56,ATALREAL,0.8266
-0.1854,0.5371,52,-1.4099,0.58,WELINV,0.7861
-0.1591,0.5574,50,-1.4168,0.58,AVL,0.7771
-0.1674,0.5366,62,-1.4187,0.58,MAGNUM,0.7931
0.0166,0.6217,68,-1.4222,0.56,AKSHOPTFBR,0.7356
-0.1251,0.5884,44,-1.4283,0.56,SILINV,0.7356
0.0268,0.6407,61,-1.4309,0.58,NORBTEAEXP,0.7399
-0.1209,0.5634,64,-1.4316,0.54,SHAHALLOYS,0.7414
-0.074,0.6021,54,-1.4334,0.58,KILITCH,0.7759
-0.1102,0.5779,58,-1.4337,0.58,MOHITIND,0.7283
-0.1934,0.5394,56,-1.4341,0.58,NITIRAJ,0.8266
-0.1496,0.5518,63,-1.4343,0.58,GLOBE,0.7816
-0.0636,0.5999,60,-1.4368,0.58,APCL,0.7919
-0.1248,0.5639,69,-1.4509,0.58,AGROPHOS,0.7471
-0.1091,0.5847,60,-1.4519,0.58,SOFTTECH,0.7688
-0.0362,0.6313,53,-1.4521,0.58,NPST,0.7399
-0.0984,0.5907,60,-1.4523,0.56,SICALLOG,0.7701
-0.0801,0.5812,74,-1.4527,0.5,CONFIPET,0.7443
0.0262,0.6507,64,-1.4591,0.58,TRU,0.7126
0.0078,0.6398,65,-1.4596,0.58,TREEHOUSE,0.7572
-0.163,0.5719,54,-1.4629,0.56,ALKALI,0.7168
-0.1329,0.5923,51,-1.4649,0.58,FOCUS,0.7168
-0.1747,0.5826,45,-1.4677,0.58,ONESOURCE,0.7841
-0.1267,0.5868,59,-1.4709,0.58,UFBL,0.7688
-0.1736,0.5798,48,-1.4728,0.58,MANOMAY,0.814
0.0038,0.6211,84,-1.4783,0.58,CENTRUM,0.7143
-0.167,0.5658,63,-1.4807,0.58,ORTINGLOBE,0.8035
-0.101,0.5979,65,-1.4836,0.58,ATL,0.7299
-0.1111,0.6064,56,-1.4847,0.58,AIRAN,0.7414
0.0018,0.651,66,-1.4909,0.58,PRAENG,0.7341
-0.0543,0.6212,68,-1.4922,0.58,OSWALSEEDS,0.7414
-0.1811,0.5877,49,-1.4966,0.58,HARDWYN,0.7543
-0.1026,0.6131,59,-1.4974,0.58,SUNDRMBRAK,0.7143
-0.2112,0.5886,38,-1.4983,0.58,IRISDOREME,0.8092
-0.0959,0.6102,64,-1.5013,0.58,DRCSYSTEMS,0.7803
0.013,0.67,61,-1.5013,0.58,GSS,0.7143
-0.1784,0.5882,52,-1.505,0.58,PILITA,0.815
-0.0776,0.601,78,-1.5051,0.58,ICDSLTD,0.7225
-0.1495,0.5694,76,-1.5081,0.58,XELPMOC,0.7399
-0.0943,0.6205,62,-1.5115,0.58,ROSSTECH,0.767
-0.006,0.6576,66,-1.5121,0.58,RVHL,0.7572
-0.1346,0.619,50,-1.5163,0.58,PREMIERPOL,0.7874
-0.0907,0.6536,43,-1.5208,0.58,SIMBHALS,0.7029
-0.1711,0.5784,68,-1.5244,0.58,WSI,0.7052
-0.0739,0.6322,66,-1.5279,0.58,GILLANDERS,0.7759
-0.1662,0.5938,62,-1.532,0.56,ACI,0.7299
-0.0146,0.6679,64,-1.5354,0.56,SHAH,0.7746
-0.1735,0.5719,80,-1.5471,0.58,MODTHREAD,0.7011
-0.1913,0.5814,71,-1.5581,0.58,AERONEU,0.7356
-0.176,0.6133,54,-1.5587,0.58,USK,0.7399
-0.2016,0.5883,64,-1.5621,0.58,VINEETLAB,0.7816
-0.2072,0.5884,62,-1.5622,0.58,SPECIALITY,0.7529
-0.1735,0.6288,48,-1.5698,0.58,FIBERWEB,0.7225
-0.1536,0.6076,70,-1.5711,0.58,LAGNAM,0.7283
-0.1535,0.6383,51,-1.5766,0.58,DNAMEDIA,0.7356
-0.2016,0.6059,60,-1.5837,0.58,RUSHIL,0.6591
-0.0687,0.6709,62,-1.5897,0.58,CURAA,0.711
-0.2076,0.6068,61,-1.5955,0.58,NILASPACES,0.6629
-0.1377,0.6356,65,-1.5968,0.58,KHANDSE,0.8035
-0.2092,0.5972,67,-1.5972,0.58,NGIL,0.7746
-0.1583,0.6163,73,-1.6005,0.58,NKIND,0.7184
-0.1178,0.6664,54,-1.6067,0.58,PANACHE,0.7861
-0.1025,0.6736,56,-1.6097,0.54,BESTAGRO,0.6686
-0.0628,0.6911,58,-1.6126,0.58,URAVIDEF,0.7225
-0.2112,0.6112,64,-1.6187,0.58,AAREYDRUGS,0.7283
-0.2433,0.6109,54,-1.6221,0.58,BAIDFIN,0.7733
-0.1929,0.6368,54,-1.6226,0.58,LIBAS,0.7803
-0.2131,0.6023,71,-1.6229,0.58,ANNAPURNA,0.711
-0.1654,0.6594,49,-1.6251,0.58,RBZJEWEL,0.7356
-0.1499,0.6531,60,-1.6295,0.58,RUCHINFRA,0.7746
-0.1291,0.6638,61,-1.632,0.58,JETFREIGHT,0.7759
-0.1777,0.6507,54,-1.636,0.58,MARALOVER,0.7965
-0.1765,0.647,58,-1.6381,0.58,MITCON,0.7977
-0.1472,0.657,62,-1.6384,0.58,JISLDVREQS,0.7543
-0.0044,0.7167,70,-1.6389,0.54,COASTCORP,0.7126
-0.1638,0.6456,64,-1.639,0.58,ZENITHSTL,0.7701
-0.1814,0.6448,61,-1.6473,0.58,ANKITMETAL,0.7688
-0.2025,0.6304,65,-1.6501,0.58,VINNY,0.7356
-0.2167,0.6448,52,-1.6565,0.58,BANG,0.7399
-0.0673,0.7038,64,-1.6589,0.58,PIGL,0.7184
-0.1809,0.6408,68,-1.6591,0.58,DIAMINESQ,0.7514
-0.1922,0.65,60,-1.6655,0.56,KHAITANLTD,0.7803
-0.1387,0.6927,50,-1.6669,0.58,BALAJEE,0.7486
-0.1587,0.6681,60,-1.6672,0.58,KAMOPAINTS,0.7529
0.1239,0.822,51,-1.6675,0.52,FLEXITUFF,0.6012
-0.2252,0.6362,60,-1.669,0.58,PRAKASHSTL,0.7429
-0.2397,0.6358,59,-1.6818,0.58,HTMEDIA,0.7803
-0.1374,0.6882,66,-1.7046,0.58,UMESLTD,0.7803
-0.2067,0.6771,51,-1.7083,0.58,VAISHALI,0.7457
-0.2112,0.6792,48,-1.7084,0.58,COUNCODOS,0.7803
-0.2997,0.6541,22,-1.7117,0.58,GOODYEAR,0.6792
-0.2176,0.6725,53,-1.7149,0.58,HBSL,0.7069
-0.1532,0.6799,71,-1.7158,0.52,CHEMBONDCH,0.7257
-0.2238,0.6587,62,-1.7204,0.58,TEAMGTY,0.7688
-0.1777,0.6671,73,-1.7229,0.58,JAIPURKURT,0.7514
-0.0541,0.755,60,-1.7375,0.58,FLFL,0.7514
-0.1929,0.6681,74,-1.7418,0.58,KRIDHANINF,0.7126
0.004,0.7901,58,-1.7429,0.58,SHYAMTEL,0.7701
-0.1339,0.7358,50,-1.7491,0.54,SHEKHAWATI,0.7011
-0.0054,0.7601,79,-1.754,0.58,TVVISION,0.7746
-0.1773,0.6887,71,-1.7575,0.58,ASHIMASYN,0.7429
0.0105,0.8175,50,-1.7689,0.58,DCMFINSERV,0.7457
-0.2096,0.7052,56,-1.7819,0.58,RADAAN,0.7919
-0.2064,0.6878,71,-1.785,0.58,AHLADA,0.7314
-0.1956,0.7244,52,-1.7947,0.58,GVPTECH,0.7977
-0.0684,0.7539,78,-1.8017,0.58,FELDVR,0.763
-0.1637,0.7243,66,-1.803,0.58,AMJLAND,0.7341
-0.1822,0.7042,74,-1.8033,0.58,SUVIDHAA,0.7299
-0.2217,0.7007,68,-1.8196,0.58,SINTERCOM,0.6936
-0.2111,0.7064,69,-1.8211,0.58,MBLINFRA,0.7429
-0.0857,0.7738,67,-1.8258,0.58,LANDSMILL,0.6379
-0.2228,0.7071,66,-1.8277,0.58,LATTEYS,0.763
-0.1201,0.7473,76,-1.8345,0.58,DGCONTENT,0.7225
-0.189,0.7181,75,-1.8394,0.58,PAVNAIND,0.6971
-0.27,0.7014,61,-1.8461,0.58,DIGIDRIVE,0.7273
-0.0018,0.8466,54,-1.8493,0.56,LEMERITE,0.6686
-0.2,0.742,60,-1.8554,0.56,ORIENTALTL,0.6686
-0.3429,0.6705,36,-1.8554,0.56,GRAUWEIL,0.6571
-0.1908,0.7602,56,-1.8722,0.54,DIGJAMLMTD,0.7414
-0.2601,0.7348,57,-1.8934,0.58,NIITMTS,0.6552
-0.1153,0.8052,59,-1.8963,0.58,SHANTI,0.7341
-0.1502,0.7747,70,-1.9019,0.56,HAVISHA,0.7225
-0.1942,0.7621,66,-1.909,0.58,COMPINFO,0.7457
-0.2897,0.7393,58,-1.936,0.58,KRITIKA,0.7168
-0.3012,0.7386,57,-1.9422,0.58,KANANIIND,0.7184
-0.2701,0.7429,72,-1.9639,0.58,INCREDIBLE,0.763
-0.2465,0.7603,70,-1.9695,0.58,GOLDENTOBC,0.7919
-0.2745,0.7603,64,-1.9801,0.56,PREMIER,0.7861
-0.263,0.7705,70,-2.0063,0.58,TGBHOTELS,0.7341
-0.2209,0.7916,76,-2.0225,0.58,RETAIL,0.7069
-0.3041,0.7555,79,-2.0435,0.58,ADL,0.7341
-0.2794,0.77,78,-2.0449,0.58,ARENTERP,0.7225
-0.2638,0.7967,66,-2.0479,0.58,MFML,0.711
-0.1744,0.8598,54,-2.0501,0.58,SUPERSPIN,0.7399
-0.3191,0.794,52,-2.0565,0.58,AURUS,0.7184
-0.2815,0.8307,44,-2.07,0.58,SVLL,0.763
-0.2145,0.8281,70,-2.0706,0.58,YATRA,0.6914
-0.2527,0.8086,70,-2.0722,0.58,ACEINTEG,0.7225
-0.1608,0.8849,57,-2.0935,0.58,DCMSRIND,0.72
-0.3107,0.7891,71,-2.0942,0.58,SILLYMONKS,0.6705
-0.31,0.8028,64,-2.1006,0.58,UNIINFO,0.8035
-0.25,0.8119,80,-2.1036,0.58,SECMARK,0.7126
-0.3024,0.7894,78,-2.1052,0.56,PEARLPOLY,0.6782
-0.2647,0.8334,62,-2.1106,0.58,KEEPLEARN,0.7572
-0.3072,0.8012,74,-2.1211,0.58,DUCON,0.6743
-0.3395,0.7893,72,-2.1262,0.58,HEADSUP,0.7514
-0.0122,0.9853,55,-2.1398,0.58,SILVERTUC,0.76
-0.2385,0.8443,78,-2.1524,0.58,BLUECOAST,0.7168
-0.265,0.8336,83,-2.172,0.58,LCCINFOTEC,0.659
-0.3575,0.8216,62,-2.1799,0.58,CREATIVEYE,0.7168
-0.2656,0.8651,69,-2.1952,0.58,GTECJAINX,0.7168
-0.3688,0.8334,56,-2.1974,0.58,ANTGRAPHIC,0.7399
-0.8647,0.5876,7,-2.2066,0.56,WATERBASE,0.4762
-0.3602,0.8429,72,-2.2528,0.58,HYBRIDFIN,0.7241
-0.3993,0.8585,63,-2.2975,0.56,TIJARIA,0.7184
-0.4046,0.8611,64,-2.3108,0.58,SECURKLOUD,0.7471
-0.3924,0.864,80,-2.349,0.58,ORCHASP,0.7371
-0.3778,0.89,71,-2.3641,0.58,NAGREEKCAP,0.7151
-0.4379,0.8927,78,-2.4475,0.54,INFOMEDIA,0.7184
-0.467,0.9066,80,-2.5114,0.58,MTEDUCARE,0.711
-0.3978,0.9645,88,-2.5811,0.58,TECILCHEM,0.6647
